gflux,rflux
0.8124912,1.60098
0.255966,-0.2376504
1.174346,2.191823
0.003054089,2.277999
0.4655997,1.059388
0.5272292,0.5419781
0.5227659,1.534226
0.3582486,1.36251
0.8406585,0.6245282
0.1756474,1.916153
1.351929,3.014807
0.6934663,1.78148
6.827748,15.35979
1.767178,1.011075
1.347674,2.220809
1.215193,2.857434
18.60559,40.1283
15.18758,45.01038
1.550387,4.455845
0.7187013,2.672923
1.474646,2.147169
-0.566404,-0.2512041
4.033265,5.184395
0.8275695,1.423979
0.4023942,-0.1305473
4.170246,7.059037
1.20837,1.832162
1.296098,3.170727
1.288903,2.847441
1.50448,3.289718
1.349594,3.788254
0.07968283,0.3917201
0.3530152,1.407088
-0.02003688,0.4579986
0.3322098,2.15261
0.0481576,1.619701
0.801001,0.8476855
1.069571,9.759694
4.017852,9.627752
2.129328,12.39386
1.3486,3.917283
5.360049,21.29868
5.544227,17.14973
1.986626,3.430217
4.483055,8.11866
-0.1390585,1.726546
1.076267,1.237928
2.195835,5.535796
1.291466,1.072762
1.932006,6.83341
2.256368,3.16631
0.4860472,5.860101
0.1715749,1.340448
11.99745,33.53955
3.008583,6.65112
0.04514067,0.819539
0.06664055,0.5770118
0.6865515,1.650261
-0.001682731,0.5499596
-0.03600077,0.8888855
0.5498508,0.9308527
1.442725,8.637171
0.8170857,0.9487286
1.205884,1.36286
0.4178309,0.4378963
0.2193917,1.408048
0.1621173,0.6312783
2.582637,6.828846
5.009574,18.27048
12.01158,37.58854
0.0003109635,0.1783443
0.214618,0.2336291
3.646245,6.048632
-5.112864,-0.6436177
0.003693804,-0.4312596
1.726203,1.57877
0.5293561,0.1873603
0.3005859,2.797662
0.6481076,1.358812
1.874491,4.750918
0.6905043,3.48016
0.1513235,2.178191
0.1064899,0.7287719
0.01032096,1.443407
1.004769,3.046553
0.2013786,1.983091
0.3893885,0.9701379
0.5953847,1.553422
0.1243359,0.01672935
1.362344,1.893481
13.95973,32.49077
-0.08657528,0.706226
0.8611832,3.680593
1.666951,2.891845
5.00347,11.85526
0.6048888,-0.2258297
0.4067946,-0.2352992
2.905142,3.263381
-1.425337,4.041615
0.6532519,1.808882
1.731779,4.148969
-0.6013554,2.433506
1.969514,0.9182422
0.9712527,1.131974
0.7041767,2.140613
1.140838,-0.3906125
1.57936,1.990998
0.4397013,1.0945
5.497949,11.86735
1.001655,1.87426
2.602251,4.607131
1.525427,2.873447
0.5341209,2.78017
0.2511643,1.236772
0.3890043,3.499821
0.002183273,1.344756
0.04601622,1.37614
3.466409,9.717121
4.953137,7.433231
0.7473011,1.13417
0.2616812,-0.6357639
-0.3214003,-0.281116
5.326335,10.28163
0.01498724,0.9015415
-0.007211783,0.4809363
-0.7698596,0.7708017
-0.0112453,0.4640646
0.5557981,-0.03990316
0.382182,-0.001296985
0.01049415,0.3932736
-0.04276433,0.7126615
0.04454731,1.689033
0.155009,0.1829194
0.1164878,0.6006362
0.7417176,1.39806
3.617762,8.034461
3.575027,6.901473
0.04670544,0.5349071
0.06133977,0.03520306
-0.02452582,0.04782144
0.7160284,2.154592
-0.01196692,1.437256
1.328533,6.066531
0.6731629,0.9020931
1.049433,4.481322
0.3007939,1.811342
1.192444,1.314262
0.444196,1.278866
-0.007849858,1.21263
0.4907309,0.7006404
0.8086612,1.123787
2.319596,5.880372
2.87079,9.825825
0.5342582,-0.00255246
0.9039357,3.145844
5.369095,12.51096
1.316203,2.215288
2.386214,6.726685
-0.0264676,0.2296776
0.641056,1.927111
0.4173211,2.305562
0.02226772,2.278096
-0.8670684,1.413506
-31.35748,32.68418
0.6366493,1.32598
0.3843506,1.240268
0.3545141,0.04929433
-0.007457803,0.6936724
0.3233971,2.707348
0.719224,0.9913103
-0.05324771,0.7951877
0.9929291,4.920689
0.578494,1.289388
0.7255287,1.784236
0.4273112,1.187799
0.6179368,0.9776543
0.3475687,1.344456
0.4796368,1.626219
-347.9619,-709.6032
-366.7608,-738.7687
-366.763,-379.2864
-313.1761,-531.3351
-1.107533,0.1557015
0.002683511,0.002210639
-0.9288051,0.3207871
0.009450679,1.269114
-0.4771146,0.1781152
-0.009869336,2.060561
0.1482059,0.8629427
0.3248869,0.03739965
1.206279,0.7989017
1.343255,2.425446
2.572683,4.316063
1.417107,6.670014
1.854051,3.238863
1.696371,2.068232
1.358713,2.903194
-0.09028861,-0.1598595
0.7433777,2.157536
0.9796476,2.387714
0.688721,1.929293
0.1809909,1.105902
0.7771397,1.538159
2.204025,8.617466
0.4501409,1.599016
-0.1238127,-0.1654456
-0.02130574,-0.1085129
0.5052631,0.7839268
9.406207,14.59118
-0.04082228,-0.302814
0.1755317,2.695681
-0.05233169,0.8538649
0.03650665,1.096218
0.4934718,0.8526322
1.155219,4.895429
0.3604415,2.62667
0.8717218,0.9174681
0.12365,-0.243423
0.08527237,2.581776
15.13573,28.46014
0.007040462,0.3107513
1.088231,1.73145
1.120711,1.997026
4.630332,5.332667
0.8038709,1.677857
1.617843,4.618988
0.5004514,-0.2218542
0.2687985,0.3351692
0.8479953,0.4869264
1.80921,3.793296
1.884164,2.222445
-0.07461769,-0.1046286
11.08211,30.92323
1.903189,2.97915
-0.9633412,1.350157
0.5240338,-2.042073
0.7664437,0.7672883
-0.01065923,4.032074
0.1878709,0.5663245
0.6937609,1.03197
0.8742678,2.501337
0.7285348,2.262425
1.041151,1.188049
1.693131,7.894097
1.826987,3.904633
0.6148002,0.1662145
0.8105231,1.03778
0.1896624,0.5119199
16.46272,30.22185
0.1098477,0.6650817
0.4763328,-0.5621967
0.4161471,0.7781696
1.269557,3.90413
0.3691707,0.9131407
0.04942155,0.7926466
1.908874,2.157588
-0.03266715,2.751277
1.027125,2.434249
0.3482597,1.119035
-1.022598,1.302957
1.264753,5.22462
0.7116731,1.239891
0.00293711,1.573864
3.038962,15.15858
3.79704,7.416174
1.347296,3.707565
16.45841,22.93998
-1.167603,0.4444533
0.1101623,0.909422
0.03708105,0.9670359
0.1405058,1.304974
1.134758,2.303835
1.038221,1.816997
0.6112098,0.7816009
0.06535528,0.6362705
0.3740017,2.542524
11.52165,43.31128
1.162035,0.6077446
1.997084,3.578803
0.7592518,1.298747
-0.7066177,2.574318
0.08041708,0.9731248
0.8471095,3.024958
0.6931831,0.8579957
0.3300095,2.476397
0.5474421,0.5586446
1.044809,0.8136985
0.4267251,2.248526
0.3287276,1.346437
0.9374312,3.086836
0.8408408,1.626188
0.8278357,1.07255
-0.009463383,1.630215
0.4489337,0.8837289
0.575373,1.294532
0.4847563,1.293989
0.5060005,-2.004249
0.511807,-0.001824009
0.04209646,0.1977309
0.1799531,0.9131441
0.9456263,1.449715
0.5371687,0.8560789
0.6391008,0.6551641
0.1803133,0.5623028
0.1846001,0.7798874
0.08522568,0.0413652
0.003530998,0.5178486
1.359066,-0.4630968
5.08557,7.076067
23.07664,43.72586
0.5617626,1.796263
2.040021,2.613207
0.7900822,2.199575
0.6945651,2.514562
1.774406,7.782921
0.3487333,0.7173344
0.01884156,0.5903111
0.03788595,0.8581014
1.046576,4.121234
0.6275396,1.003306
14.08203,36.04174
0.6876964,2.669718
30.12509,52.79783
0.2554972,2.90728
0.9543558,0.00625779
14.36112,28.91842
12.96949,17.2303
3.343832,6.587783
64.3783,156.6927
3.245987,5.956858
0.4256121,-0.5775039
1.302697,2.035486
2.455751,4.231754
1.697666,5.57742
1.010176,3.857337
1.798474,5.189244
0.5834007,0.4658574
2.146109,6.145969
0.4283263,1.386812
2.76953,3.904881
1.352549,5.607878
7.862046,19.84169
1.009731,3.401847
2.182752,6.018186
3.062777,13.72591
0.2374602,3.611417
0.1949988,1.997213
2.477871,5.358768
3.977876,14.28724
0.1683687,1.888903
2.184655,5.405052
0.7932143,1.762068
3.657924,8.376542
1.724009,4.333003
2.829383,6.055261
1.301143,3.719059
2.23774,4.368087
3.157568,3.826044
1.066722,2.825877
1.78707,3.746425
-0.09160532,2.377782
-1.872337,-2.379353
1.911978,8.959694
0.1067894,0.1457393
0.5031524,1.622462
0.793054,0.6421703
1.030883,1.199304
-0.771972,1.313261
0.6875598,1.38763
0.4632504,1.524078
0.2465616,0.9055323
11.1583,21.28684
1.700557,13.02363
4.998859,5.613036
1.364862,4.726174
0.953783,3.019625
-0.1704831,-0.138004
0.1102363,-0.05068203
5.250543,13.66663
0.7472171,1.452727
-0.5295681,0.8296858
0.8727024,2.357655
2.031476,4.502298
1.09618,4.428013
0.4419754,8.49861
-0.01709383,0.5804391
0.6825659,0.4344627
0.7634746,-0.4636576
0.001285992,0.8170072
4.075823,4.00655
0.7646906,0.9243069
0.4658503,1.379943
0.03439184,0.417114
0.7524851,0.5008398
0.07673766,0.4725884
0.2521031,0.7503929
0.001221964,0.05503181
56.79116,85.06902
0.006245334,0.4307353
0.4633727,0.8564803
10.46098,22.38915
-0.01336596,0.9911686
0.9588503,0.9613181
12.42599,19.78553
3.640214,12.49619
1.603269,1.714531
0.8108136,0.8984327
1.048261,3.80564
0.390764,0.341495
0.269666,-1.882191
-9.134957,-9.214985
0.2298374,0.7240278
0.533741,-0.3045326
0.2664348,0.8025122
1.190598,2.741863
3.0065,9.334576
0.7355446,2.52879
0.5756924,2.293945
1.148245,4.468662
0.5049146,0.1674812
4.315354,12.27007
3.664822,5.2415
3.533841,7.00522
2.685531,3.361604
0.1803441,0.9084978
1.778367,7.999625
1.082061,1.747456
1.949692,5.111696
1.457724,6.752562
0.9821393,1.278946
7.366355,22.08882
0.9895828,1.800968
0.6432328,2.727327
0.5527866,1.836797
0.2194969,0.6154227
27.76207,80.17002
6.961144,16.25597
0.04604639,0.05633302
-0.09550672,-0.2451067
0.3630382,0.4386902
-0.02008814,0.9066464
0.6978273,1.126853
0.3931929,1.274386
0.2427777,0.492541
14.45288,40.35398
0.1038797,0.1069664
0.2130383,0.7180755
1.156792,0.484542
0.1189035,3.084548
0.5679027,2.143077
-0.2904015,-0.2415444
-0.5901539,0.2424421
0.2719203,0.4098851
3.835019,7.64976
0.9962739,1.567868
4.458381,14.14922
1.296556,2.553725
3.262947,6.524173
1.124555,1.513149
3.124506,8.230447
0.7722033,2.701386
3.067277,4.070632
0.1560388,0.7467995
3.122462,7.25771
1.853553,2.571748
0.892096,1.789389
1.34578,3.583012
0.482177,1.471947
0.1139094,0.1525757
0.70143,1.122843
0.7005131,0.9441338
1.854537,6.358642
1.381858,2.112161
1.235125,1.957038
2.147945,6.569293
0.3448232,2.148294
0.1861076,1.649506
0.1887705,0.3113975
0.09181286,0.4358265
1.003049,1.386675
-0.03719512,1.010595
0.009338738,0.5653507
1.196518,2.695999
1.104121,2.913207
0.5815026,1.28918
0.7815396,1.088723
1.762267,1.716511
3.775647,10.67423
1.091229,3.270179
-0.0001427673,2.574586
1.340736,0.6146825
0.8597746,1.59418
0.3168128,0.5335136
0.4305359,1.372239
0.5417259,0.6744608
0.2932457,0.5954849
0.5189913,2.06219
1.241128,1.894589
1.159422,1.514995
0.7030737,0.9752446
1.057308,4.167477
0.1231941,0.377552
0.8500777,0.8399634
0.9560928,2.87891
0.297504,1.438034
0.2691348,1.949373
6.163959,13.20172
0.5527002,2.628121
0.1354835,1.397831
0.3172101,0.9491056
0.4357293,2.71704
0.03943716,-0.04939571
249.4622,937.5571
-6.383367e-05,0.4109296
0.02457247,0.751708
0.04750527,-0.01421513
-0.001917362,0.6805514
-0.07817408,-0.6571145
-0.04764399,-0.2097256
3.241636,5.516383
0.006206111,-0.1200247
-0.701328,-0.006796108
-0.4483906,-0.6487409
0.2807926,-0.05461094
0.287666,-0.4984408
-0.06656525,-0.1469029
3.429627,1.69634
1.087032,1.923941
0.931996,1.204638
9.180317,19.38927
1.672156,4.802691
2.666483,6.661032
0.0386581,1.841676
2.20751,3.566067
2.02467,3.873896
3.30103,9.874309
1.799014,1.776265
-3.137264,1.020537
0.4198759,1.358355
-0.1731379,0.6981241
0.6228009,1.707156
0.2572134,0.5969971
0.2495239,0.3671429
1.137088,2.477693
1.085101,1.451474
0.8340536,2.107972
0.2214755,1.223488
0.4144331,1.207782
0.7273184,0.8942215
0.02782797,0.1074033
-0.02253709,-0.06395032
0.06139866,0.3560852
1.329343,11.63461
1.714726,16.9035
6.302741,9.445172
0.2961588,1.609446
0.6052571,1.880081
4.458639,10.65267
0.6290188,1.727847
0.8839653,0.8746217
0.5989184,1.550782
0.6436396,1.468085
-10.6086,0.1242243
-0.009037691,0.6608157
-0.1872035,-0.09487515
0.9261784,1.07279
-1.570564,-1.524222
0.8197587,2.273602
1.018262,3.235676
-0.004875093,1.319194
1.572317,0.1987399
1.695819,5.461941
2.232338,9.197311
1.305953,-0.3312114
1.661407,3.404112
0.8102054,2.954524
0.0494852,0.8349336
1.374692,8.35186
2.54299,5.438808
-0.01411255,0.08104424
4.12361,9.755264
5.148091,14.59335
-0.07474963,0.1995025
-0.1247861,0.08035666
0.5517752,0.2086677
0.3187087,1.50777
0.9571909,2.353749
4.431944,8.253126
0.845674,6.414795
-0.1851397,0.4264535
1.227574,3.493507
0.2141774,2.124123
-0.01244433,-0.0009758364
2.377851,3.278123
0.4507326,1.111295
0.1309726,1.917919
-0.0001562062,0.8785496
1.160655,1.421032
0.3294412,1.224289
0.01498406,0.1128976
0.4626829,0.7340474
1.116628,1.221405
-0.000649919,1.481092
0.2236234,1.227544
-0.1842066,-0.1016227
0.0325761,0.4327447
0.7883363,0.9514991
0.2437105,1.414877
0.001245328,-0.02988756
1.251742,1.403884
0.5633752,-0.1910785
0.8906384,2.488251
0.3508938,0.5463643
0.629524,0.8578579
0.1951192,0.3531323
0.4508133,1.114054
0.2654227,0.3691218
0.5673627,0.6418374
0.08511431,0.05208977
0.340854,1.535254
1.202729,0.9023148
0.422352,-2.001625
0.2029737,1.090892
-0.563782,0.7150313
-0.4898346,-0.05503229
0.09812671,-0.2136449
0.1519864,-0.5828787
-0.5204791,-0.1381681
0.09409953,-0.0327719
0.9534541,0.1783349
0.1240334,1.019716
6.309314,12.34741
1.255908,2.999854
1.646836,2.659376
1.954816,3.192699
0.9494347,3.873655
0.5461977,1.168553
2.951504,11.657
0.5571687,2.541436
1.373795,3.313026
0.05933212,1.618664
1.800682,3.696591
0.6211601,2.196031
0.2433033,1.574788
0.3962155,1.059444
1.154739,2.866124
0.1632583,1.13492
0.435959,1.577186
0.8207176,1.078871
0.1698723,1.451078
0.3942507,1.725785
-0.3444396,0.09780249
0.5283784,1.516272
0.5794703,1.203234
-0.0996847,1.11987
0.185562,1.433995
2.683498,1.121879
1.576362,5.398431
3.508373,14.19062
0.2351387,1.557835
0.5838325,1.556413
0.5203038,1.840955
0.1358876,1.260971
1.146402,1.511245
0.4751922,0.9759279
0.02746821,0.1803365
0.1648577,0.1525173
0.5541655,1.121356
-0.00212078,0.2545965
0.6216602,0.8861354
0.3725346,2.697842
0.03836037,-0.01614404
0.3397643,2.253139
5.160661,15.48475
40.25178,124.7171
4.451251,6.73305
14.66537,25.66838
-0.612372,3.508463
1.238936,1.769564
0.1091108,1.438902
10.09348,28.74046
0.002814627,2.149793
-0.0206078,1.024392
0.6991248,1.196838
0.4789327,0.8994269
-0.1207193,1.749493
0.9917105,3.36203
1.111638,1.957071
0.8767465,3.120483
0.04503463,-1.669339
1.529287,2.414589
1.024976,3.301997
0.3965874,1.058294
0.259077,3.947035
0.9338148,2.969819
1.248369,0.5615914
1.671685,4.572379
0.1024397,2.563513
0.1046386,1.440609
2.139926,2.84575
2.193805,5.301656
0.3296154,1.365757
0.7329962,1.697667
0.4684299,3.218549
0.7614411,2.746523
0.0354413,1.232275
5.051221,12.5628
3.436465,12.45866
1.22478,1.956784
0.7459225,0.3612371
0.6112744,0.09303334
0.2203756,2.058177
1.106875,1.559585
5.433333,8.600752
0.1293577,1.114448
0.9461969,0.001368671
1.242374,-0.03058717
1.17247,1.896816
0.7468079,0.5828537
3.498705,13.63224
0.687964,0.9591697
4.034853,11.88675
2.380335,3.560389
1.009286,1.149491
0.7902304,1.004658
0.8417087,5.05426
0.5522234,1.045618
0.1871813,1.457548
0.1617387,0.6668921
-0.1333564,1.08561
0.3355141,0.7842678
0.418631,0.5806471
0.3662406,0.3475834
0.3720643,0.9155727
0.1789868,0.5200511
-0.09675559,1.554807
1.703004,2.738529
1.571227,3.958826
0.8378531,1.979977
0.01460677,1.496887
1.350122,4.143599
0.08797428,0.8833666
0.03090783,0.1589674
1.227114,2.655193
2.034842,5.022757
1.092011,2.222336
0.2280323,1.797409
0.3181079,-0.7422293
0.75131,2.339183
0.4368441,-0.007118589
0.4575841,1.370981
-35.1911,532.376
4.221189,9.087862
0.7783673,0.03240113
0.2815195,1.889634
0.8784011,1.584979
0.7123085,1.428051
1.892995,2.289765
0.02736762,2.222814
0.2525004,0.579815
1.056942,1.34301
0.212025,0.6335089
0.4133409,1.424943
0.8426483,2.261515
16.40811,49.59182
0.3284362,0.922907
0.5346351,2.599624
0.4366514,0.6682524
2.583251,5.021174
0.7720066,1.342768
33.92561,118.2402
10.67533,27.84863
-6.139357,34.90981
5.740623,12.4593
0.3147127,2.883317
0.6527075,3.515371
37.39393,126.0652
15.89133,62.1562
1.632161,2.470323
1.17986,4.965646
0.6200464,2.932814
-0.33915,0.2698949
4.599924,13.95314
-0.0004128782,3.968087
0.3583479,3.205626
0.4461466,2.282184
0.86317,0.5868416
1.19706,4.099901
0.3174957,1.907082
0.1899838,1.356829
6.6069,24.52483
0.5528362,1.844916
0.1345138,1.242465
0.307533,-0.612676
6.431556,13.5473
0.1261337,0.2931423
13.15244,18.64134
0.8560664,1.763722
1.104084,1.920032
0.5004179,2.024074
1.807505,2.136629
0.1060223,0.4979836
1.158871,2.275181
0.01800803,-0.7213781
-0.07281116,-2.020891
-0.7248991,-0.359849
0.0769604,-0.7819242
-1.342279,-5.425302
0.6458719,-0.3616199
1.278404,0.7667893
0.2697301,0.7890316
0.9944586,1.308291
2.100781,9.817676
15.05669,34.19075
6.039372,18.14576
0.9117516,3.44109
1.278953,2.048573
0.4398365,0.056621
0.4338919,0.6304216
0.2612665,0.652995
1.173187,1.375757
0.4995052,0.7553803
0.9972947,1.368259
0.4689207,1.639961
0.5600803,1.606434
-0.3689465,-0.8201361
-0.09618239,1.362193
0.0909786,0.9965138
0.005880557,0.4551283
0.004348864,0.4039815
0.6791323,1.011164
1.458715,0.8779815
-0.1192672,0.4574513
-0.3060557,0.0282534
3.051098,10.74216
0.7658803,1.444687
0.2965113,0.6715115
0.3831683,1.349357
0.4686047,1.1352
0.6010371,1.663504
1.665252,7.268445
1.092234,2.997139
2.039567,4.98115
0.8194798,3.010799
2.984193,9.784031
0.6970097,0.7614072
2.033226,5.702081
-0.1401455,0.07314358
1.038365,2.076919
0.1988861,1.698981
-0.03303342,0.6806455
0.6151409,1.79433
0.6422959,1.662428
0.1218913,0.7902398
13.86613,34.94053
9.208096,30.63396
17.81746,48.25613
0.4068227,1.163025
0.7148229,1.274748
2.284619,3.601588
0.6582721,0.6639882
0.7965128,1.681814
1.479685,3.094828
0.56681,2.413199
1.455736,2.594752
3.949339,19.39233
1.937606,3.84407
1.132566,13.91596
0.005154415,1.699545
1.150721,2.253385
1.019622,2.140635
0.8073771,3.082596
1.092611,3.406125
3.382737,14.52132
1.375395,5.505322
0.1043883,0.8836965
2.376198,11.28442
0.9038101,2.259118
0.4390542,0.3941133
0.3460261,0.2683497
0.4526354,0.05624854
-0.6429712,1.262753
1.414421,0.04574722
-0.545541,0.09384263
0.6344015,-0.06647093
0.07482735,0.4209335
0.4762858,0.3615126
0.286022,0.432882
-0.08626985,-0.2039816
0.5531388,0.579841
1.770342,4.841233
0.01015809,0.2835142
-0.02737179,0.8433787
0.7757742,0.0008798646
0.5538875,0.3949879
0.3567047,0.4342656
0.241928,-0.1857106
-0.3402627,0.308419
-0.05444251,0.4163631
0.1774842,0.5722357
1.085679,2.966755
3.086015,5.633423
0.3949595,2.004999
1.379147,3.10795
2.11244,9.031178
0.5031564,1.212422
0.4900026,1.458456
1.00551,1.874584
0.8451092,3.089419
0.6608008,1.945726
1.187889,2.194692
0.05260547,0.5713738
0.3210451,0.8364539
0.3637025,1.293567
9.496372,16.91668
1.279409,4.24968
3.595476,16.2656
0.6895912,2.801351
1.465209,2.169232
0.3969331,2.609013
0.4480211,2.284776
49.39334,124.5766
17.27058,29.90125
0.03243222,0.3732536
0.08292575,1.124671
4.734622,11.41216
0.00201576,1.551856
0.5293006,1.668854
0.5884402,1.030449
0.1043309,2.580986
-0.2153807,2.52107
0.6263108,2.112355
0.7077967,2.318738
1.065819,2.059583
0.3247993,0.6976895
0.4366134,-0.04273332
0.749472,0.9925138
0.03489102,1.265555
0.004870785,0.3204788
0.2974422,1.054146
-1.903918,-1.116118
0.3720328,1.153653
-1.759808,-0.5728649
0.3186785,0.9595312
-0.1553944,0.5533427
0.5652291,0.9136516
0.3691219,1.182545
0.3099259,0.6654133
-0.1268459,-0.09363217
33.38845,77.47633
0.3373946,1.61312
0.2914561,2.881704
0.2963669,2.694633
9.979313,33.42849
0.4429809,0.7882232
5.274865,10.59818
0.4953382,4.638237
0.5116774,0.9648066
1.453981,4.921443
2.664714,7.336681
0.6313167,0.8075495
1.994379,3.015171
0.2724361,0.7147391
0.6103403,0.9190774
0.01478745,1.273192
-0.4484511,-0.5884147
0.01041882,0.5380569
0.8993085,0.9017288
0.1469416,0.1572812
0.2100769,0.4785183
0.1110769,2.451919
0.04890548,0.2751777
1.094981,1.648559
0.3858682,-0.07624939
1.195889,2.044203
3.362947,8.663881
1.623408,0.09894887
0.9114881,1.737108
8.158365,8.818651
-2.055177e-05,1.101152
3.759791,14.89502
10.9281,30.77726
0.8522522,4.857546
3.084902,7.733669
0.9799262,4.551818
0.2614563,0.7468837
-0.04088429,0.8494137
0.1207405,0.1304234
-0.2039377,0.005309212
-0.3150682,0.7334359
0.2473912,0.3984139
-0.06605995,0.2621972
0.2496711,0.1283847
0.3534344,0.3068359
0.01039985,0.968026
-0.122405,1.559652
0.1757245,1.074367
0.3126222,1.284612
-0.3401101,0.5742124
0.4233107,1.101478
5.193863,10.47468
0.2454462,0.1581571
53071.19,78884.27
-1.762832e-05,4.863395
1.820991,2.535562e-05
0.4755917,0.6581171
0.3827889,0.5373185
3.671996,10.9193
0.6204007,1.298516
1.159499,0.850045
2.36491,4.082518
0.7597926,1.574613
2.189033,4.447036
1.162207,2.883593
3.85957,8.593313
0.987774,5.373536
-0.0186037,1.300071
4.813135,11.98308
0.3023827,0.8551043
16.47191,28.9586
0.6482856,1.278053
0.8191532,0.7441941
0.9487846,2.398527
-0.001393013,5.330141
0.611666,3.620685
0.3441179,1.307661
0.619186,1.076313
1.542559,3.050132
0.6356433,1.680048
1.136222,2.182946
0.7679216,1.706654
10.26369,21.48365
1.506024,2.176823
1.393112,2.204265
0.6269938,1.732927
0.6203494,0.7499279
0.9362256,0.5269904
0.132429,2.9427
1.96178,0.9789903
3.054418,3.731975
1.018344,2.150702
-1.567772,1.894348
0.7769134,0.1573142
0.02452261,2.122884
0.08430214,2.361766
0.04470013,1.311596
0.3143798,1.040625
1.633534,1.487199
1.902639,2.318573
2.091714,5.225191
-0.2431145,0.01200443
-0.09340251,-0.04254563
0.4041909,0.7651585
0.4523518,0.8550099
17.04702,4.661081
0.4913403,-0.08603059
0.06296705,0.1332996
0.6281098,7.220418
-0.1462108,-0.4390024
0.1995395,0.1278369
1.190098,2.78565
1.006053,2.810648
6.536411,15.95473
1.351543,3.293915
-0.04901041,-0.1010409
0.9997694,2.221529
2.503422,6.952326
0.02020668,1.394814
-0.2158144,0.8506815
0.5980276,0.8720276
0.6897932,1.692257
0.1576365,0.5078846
0.9166198,1.07527
0.538937,1.052775
0.7128332,0.7697462
0.3646775,1.381661
0.3280783,0.9888041
0.1210327,1.760706
1.212758,6.955274
2.158257,4.013763
0.9987764,2.047169
2.681664,5.765371
2.167826,4.008311
0.4746727,2.37513
-0.1864244,0.400464
0.1083508,2.139522
164.5773,713.5476
2.0523e-05,2.66665e-05
0.5714245,1.817977
-0.03533126,-0.1984272
-1.803342e-05,-2.342812e-05
183.3411,323.2796
2.052587e-05,2.666038e-05
-0.06372235,-0.1974395
0.1485715,-0.1723195
-0.01195118,-0.01628202
-7.237878,194.8835
2.052207e-05,2.666254e-05
-0.2230356,-0.1057345
1.983058,2.348532
0.8478048,2.754626
1.28691,2.952691
0.7446632,2.56035
0.7851308,1.684917
1.410972,2.38688
0.9088085,1.374715
0.3234146,1.5782
0.8769968,1.513517
0.7097169,0.6056763
1.048738,1.80281
-0.7811698,-4.536746
0.0009357188,0.003749985
4.492858,16.078
2.991266,10.12811
1.487362,5.180292
1.389193,3.026622
0.9341112,3.25889
0.9831353,0.7258273
2.100483,4.497438
2.940181,3.382923
1.055196,1.901977
1.192078,2.436016
1.052837,1.560272
0.003257375,2.289987
0.4185587,1.445846
0.3720103,1.723286
2.742617,0.006489932
0.3285484,1.10015
0.2056837,0.02392889
-0.09539409,0.5758898
-1.307872,2.136364
0.09438873,1.573223
0.07890169,0.8716218
1.397118,3.706186
0.05747234,1.149832
-0.004640449,0.5431716
0.578168,1.095544
-0.03532984,2.325818
0.2384798,-0.05531153
3.217606,7.164583
0.2917948,-0.001605428
5.368039,9.070874
0.1005087,0.2481365
0.304137,0.610972
2.086226,3.841338
1.641668,2.834749
3.01019,7.966136
1.153614,1.768313
1.350549,4.733195
0.7370647,2.057514
0.9732555,1.734501
0.8516723,-0.6895466
3.809753,6.352825
0.1598574,0.9223372
4.332573,14.6069
2.957803,0.07525163
-0.3861499,2.855887
1.403946,3.731782
0.7810305,1.58962
5.975604,6.234679
2.541014,3.754432
1.850146,3.200888
1.448108,2.544326
0.7113953,1.715693
2.797186,9.868479
0.9770599,1.781248
1.976227,3.784064
0.09943367,0.1097254
0.02195103,0.1453668
1.781928,6.453325
10.00197,20.03585
17.0423,70.07847
0.3030162,0.2707962
0.8315845,0.4520137
1.042314,1.796492
0.3059232,0.8013797
0.2095813,1.041734
-0.01346203,1.88897
0.3235576,0.6467154
0.0002882899,2.016183
0.3062814,1.094929
1.297766,4.994904
1.796179,6.893139
0.2747882,2.095085
3.724004,7.848098
0.3439682,1.843014
0.236711,0.6939186
0.0277023,1.127362
0.5688855,1.947134
0.3124564,1.426601
0.8093578,0.6551979
0.09945507,3.616979
0.02803656,2.133394
-0.3900891,1.364169
0.2875238,2.425111
-0.6861433,2.101646
-0.352581,0.9888334
0.5756833,0.3512624
0.1066152,0.7243873
0.5544694,1.131105
0.2599291,0.394478
0.594573,0.1705055
0.05546633,0.4895832
1.705292,2.947276
0.4016334,2.338757
0.6323504,1.263242
0.3562848,3.539646
-0.0002987923,0.8131116
2.235554,5.336272
0.1754831,1.525002
19.38806,4.24644
0.1956368,0.5720915
0.658206,2.993062
0.06692015,-0.002916324
2.766267,5.302182
5.574885,11.2072
0.04497729,0.2209829
2.954567,7.428512
0.851623,2.881216
0.5774659,2.454246
1.469227,5.175017
0.5951303,1.600958
2.526359,3.938585
1.888458,2.92381
0.7757949,3.497913
-0.08120824,1.185522
-2.013645,0.9178801
-0.4376476,-1.154668
0.9936087,1.918082
2.35133,5.971445
1.095955,2.808283
1.994016,7.591609
0.2954672,4.534927
1.719118,5.391017
0.038867,1.301274
0.3202459,2.761924
1.122588,3.226725
0.133872,0.5213338
0.2096833,0.8159384
-2.11347,-0.001503159
0.1961128,1.269157
0.3269615,2.147842
0.490432,1.808341
1.802736,1.948559
2.191147,2.297797
2.335285,3.494691
2.059149,5.571811
0.6286898,0.8513972
0.5558626,3.293814
2.942713,6.685479
-0.05162412,-0.06582823
0.7720186,3.052359
0.7874559,1.02636
-0.008819958,2.081224
0.9923259,2.732336
1.795964,4.459555
0.8138876,1.579189
-0.6397954,0.6040738
0.0535275,1.348387
0.575256,0.3368706
0.178297,1.69972
-0.2280734,2.331367
0.1356414,0.7572256
-3.577922,1.86158
0.2544267,1.203006
0.682128,1.91669
2.087319,2.397599
0.2774298,0.7441999
-0.1252149,0.4876709
0.8786045,1.364969
0.3835445,1.750694
-0.388582,1.94854
0.1900062,-0.1726225
-0.5158209,0.7249616
1.525181,5.265066
0.2331471,0.9520399
0.634325,0.5245753
0.7091213,1.156536
1.001281,1.152111
0.02042122,1.252056
1.234491,1.312707
-0.09776195,1.086854
0.5290192,1.16508
2.132151,3.887625
1.057111,1.013175
2.789305,8.019436
0.7620301,0.6351402
1.292149,2.49503
3.594316,11.80165
0.2601976,2.157928
0.4134361,1.952725
1.309424,1.76302
-0.3987896,0.624411
1.616627,2.369223
2.548605,4.986538
1.325039,5.908403
1.382811,2.850357
0.7522591,1.606192
0.1141441,0.5544008
0.5359949,0.728243
0.1249313,0.5929615
0.8457345,0.8207365
-0.3297443,0.6342412
1.151026,1.186677
0.006425984,1.261997
9.087925,33.64839
0.5565491,2.241848
0.4504875,0.9838272
3.699106,3.527597
3.743411,8.892431
1.12044,1.047058
11.23718,20.24237
0.2182969,2.840118
0.9632107,2.484157
0.5325326,1.943669
2.050805,4.264865
2.681179,12.44899
4.807511,8.803396
1.453375,2.075059
0.9699906,4.806624
0.9417946,0.8552365
0.9289542,2.532247
0.4115182,0.7914262
3.575693,6.172384
0.1492098,0.7587696
1.771395,1.485438
0.9903408,3.017694
0.2087268,0.5974798
0.7652826,3.397421
0.6570508,1.353408
0.6390615,1.360554
-0.01901581,1.013159
-0.8283817,0.2772827
-0.04062636,0.3140639
-4.71444,-5.912465
-0.9457449,-1.075259
-0.05379932,0.7693689
0.1850929,-0.0270841
0.8057553,0.4740983
-0.003717105,0.4224958
0.3252233,-0.06255358
7.589831,12.07721
0.2614517,0.2676521
2.674761,3.807867
1.724188,3.496334
0.4808731,-0.4377373
0.9330616,1.666986
1.234465,2.939711
3.992341,9.349691
1.027005,1.261704
1.798873,7.456541
0.01515806,0.3450979
2.709224,9.431346
0.02600425,0.55824
0.3139572,0.741993
-2.385704,-2.867169
0.2176493,0.4901327
1.382206,4.418741
1.269465,4.397212
0.956267,2.212931
0.5739228,0.3892184
6.934545,14.01177
0.3000472,1.162678
0.5615897,0.7322218
0.6479455,0.9456096
0.5814072,1.766484
1.459569,3.363025
0.6123065,4.392598
1.049932,0.9341374
1.512128,1.587993
0.9270431,2.068553
0.2409187,1.015762
0.3454178,1.213297
-0.0163411,0.4352534
1.140705,0.3016686
-0.03196514,0.3820699
0.2933362,0.7752227
0.353027,0.3641797
0.3595223,1.491592
0.01943216,0.5061204
7.748159,18.53133
0.004144905,0.2331626
5.074389,8.022802
0.2828448,0.3863129
3.004165,18.35651
2.499141,5.516064
1.107414,1.44072
1.114124,2.145876
0.2932214,1.133582
0.5547739,2.648351
0.8698502,0.2863612
0.8379403,1.698822
1.064026,2.019728
1.566209,3.914004
0.987247,2.124964
1.506529,7.961371
0.8086349,0.7139798
1.205224,3.219256
0.9938109,1.031163
3.890823,8.003202
3.350777,8.326487
0.2861829,1.391232
0.4055788,1.999321
0.001588418,2.341879
0.6027006,1.639389
0.5843401,1.544982
0.8288869,2.169045
0.1571246,1.462362
0.9609867,2.86476
0.09222141,0.8167161
0.02073469,1.624051
0.3411101,1.296647
-0.01060928,2.136778
0.0708359,0.4537185
1.245247,4.380635
2.678997,7.243103
1.021526,1.720897
2.58872,4.187892
1.670576,2.179816
1.878914,7.682681
1.689716,4.658972
0.152144,0.3194018
0.02413355,0.735921
0.5975506,0.7581162
1.206429,2.188664
4.051376,2.907472
2.051653,4.387248
1.254424,0.5070312
1.994915,3.265761
0.3522334,0.9977544
0.3661661,1.205834
0.3279968,1.157897
0.7305557,1.227792
1.148526,1.13069
0.2198569,1.244985
0.3711899,1.587693
0.933127,2.721092
0.8959422,1.54068
1.921138,1.818236
1.945397,2.521629
0.3713654,1.075316
1.075606,0.9240478
0.1314135,-1.894431e-05
0.5762048,0.6254104
1.583732,1.411317
0.4774283,0.8577328
0.6236385,1.552883
0.01092709,0.9009519
0.2960007,0.9123179
0.01157794,1.243862
-0.06601588,0.2522254
-6.414454,0.6211389
0.3243063,0.6377378
6.462865,37.12049
0.1409491,0.6855926
-2.960347,2.705737
57.83739,143.9898
10.21523,24.47638
8.121058,18.83799
0.4854789,0.9538827
0.44465,2.151865
0.8196284,1.242578
1.435181,1.13755
1.246358,1.58871
3.645163,5.67945
2.475103,3.292708
5.329082,9.352869
0.2223323,0.4628951
1.493358,4.84967
4.376575,11.75469
1.234298,3.478492
7.805362,17.68793
1.64385,4.503823
1.704226,2.746748
0.0337177,0.6196026
0.04546493,0.5625254
-0.01388782,2.38308
0.4000094,1.572048
0.5706456,2.544943
0.7691417,1.182911
1.524158,1.347367
1.389709,1.464902
1.03676,2.058113
0.5962284,0.7259935
0.2953756,1.773313
0.42138,0.9779158
1.843081,3.293285
0.9959006,2.601638
1.849174,5.576004
2.530106,11.36449
2.074704,7.308708
0.1200892,0.5391951
-0.2663704,0.9233839
-0.2685745,-0.7613468
-0.6835015,-0.3831994
0.416267,-0.00385449
0.01628885,0.07649463
0.4286757,0.3193004
3.128616,14.34712
0.8407239,4.697581
3.163946,6.655152
0.711475,0.7884158
5.653483,14.82127
2.853107,5.324849
0.7101363,4.040792
4.910727,10.68283
2.620592,3.41376
3.505083,6.027124
4.326368,7.114007
1.158335,2.109216
0.6169428,1.743301
0.6671547,2.292407
-0.1777401,1.44276
0.6546139,4.895602
0.4216937,0.996251
0.573182,0.5346965
0.007895411,0.4091582
-0.001987435,0.6206756
0.1626228,-0.7603772
0.0003017598,0.06836791
0.6116855,0.4948561
20.39278,28.22481
-0.1005791,1.96603
22.40324,41.21937
2.396766,4.965209
0.04290178,0.9318582
0.01222938,1.387962
-0.0464081,0.1625038
0.0260295,0.1188643
2.921214,4.514124
0.2696521,1.951681
-0.7656561,0.03190547
0.0456806,0.6073379
1.22965,2.394345
1.364787,8.035038
0.8729143,1.07008
5.42494,10.45264
0.8306393,3.933417
1.375574,3.04605
0.8890959,2.530953
1.585885,5.270414
0.3224242,4.768511
4.847715,8.604206
2.471824,4.251745
1.235651,1.968068
7.128325,11.22913
0.8117203,1.424124
45.2323,177.949
-0.5169688,-0.02483569
0.1197092,0.6398539
0.114194,0.7692866
1.275237,4.139243
0.7145632,3.679936
1.908655,5.974863
0.1236383,2.132461
1.946942,3.779905
6.470987,10.13893
2.084232,2.465689
1.414217,5.778651
0.6065266,1.426978
0.6297702,0.6559017
0.9604596,4.016639
2.022229,1.367079
0.8970963,6.640916
0.8387429,0.7302824
0.9979217,1.513342
2.171094,4.928587
0.480675,1.568087
1.735685,2.508206
1.21119,1.560905
2.86062,5.773818
1.000763,1.236453
0.7725043,1.287501
0.9313024,0.8649657
7.341805,25.68169
0.2654707,0.05393562
9.823631,24.8973
18.3345,31.2231
0.2992203,0.644401
2.601343,8.640343
1.075412,4.712462
0.4311272,1.861297
-0.3479609,0.2256148
-0.2121542,-0.04022768
0.6197821,0.9639221
1.856448,4.23184
1.394085,4.743358
0.04358114,0.440363
-0.05140198,1.879736
0.786845,1.103809
0.7904871,0.8075304
0.8691376,2.454111
0.03840771,1.342591
-0.01517444,1.301249
0.5848169,1.44846
3.061355,7.050498
-0.116144,-0.2790499
1.390801,3.797514
0.8628505,2.965394
1.578053,1.619863
0.8815979,0.8162028
1.754211,4.371116
0.6621664,2.86277
0.06959901,2.353087
1.099943,2.189768
0.8245419,1.192261
0.1200636,-0.03545462
0.2302769,0.5752197
2.697733,4.594634
0.04745987,0.6414068
0.02232524,0.4132649
0.6089008,0.6646835
0.4178144,0.2537041
-0.3100828,0.2298791
-0.1935699,1.252154
-0.02798732,-0.8935935
0.8470455,0.07522677
-0.01737309,0.1147183
0.4690615,1.224837
0.2871095,0.3248081
0.0238599,0.09131229
0.2302499,1.215495
0.6921949,1.758744
0.8785703,2.253243
2.217378,6.847755
1.636596,2.727828
3.426026,3.450001
2.543936,8.672026
1.817281,5.319207
0.5616553,0.03552215
0.2936442,0.3009357
1.722962,3.980839
0.4233839,3.012977
-2.362171,4.303382
0.6297171,2.380481
0.3972082,1.798889
-0.05260877,1.107564
0.3327983,1.298467
1.028682,2.29356
1.184334,1.59838
0.8365082,2.624943
0.218504,2.4641
-0.6650252,1.599938
-0.395967,2.507125
0.4488477,0.6471038
0.2188589,2.116526
0.8561226,1.714819
85.15045,113.244
2.197609,2.608145
-0.370773,0.002558168
0.7085293,-0.1744572
0.003162721,2.225096
0.05162698,0.1833418
1.104877,2.440289
0.3869245,1.19321
0.5469421,2.001843
1.268542,1.495414
3.442764,6.024669
0.9269392,1.738995
1.507696,1.99694
2.449294,6.875929
0.9437748,7.649382
0.5170094,0.1637074
-0.2793434,0.5877728
-0.4988912,0.8132572
0.2504273,4.693748
0.9791533,0.1643329
0.2263688,0.7662323
0.7363329,1.504283
0.6169585,2.147676
2.27128,5.579686
2.656901,3.76624
0.09413058,0.6067706
0.9125701,1.546761
1.085802,3.041468
31.34907,49.45634
1.839489,5.608608
0.6678644,1.945096
0.9324613,0.7522195
1.760363,2.95762
4.109605,7.500719
0.5365067,0.7347092
0.3981594,2.839372
-0.4975286,1.5658
0.1144535,0.006450636
-0.1590569,0.9121678
-0.01271115,1.602194
0.2710673,2.071915
0.6701696,1.418211
-0.005193716,-0.2292632
0.8266819,1.360753
0.1040585,0.3760727
0.4081383,0.8840742
0.9954043,0.6204579
