objid,ra,dec,gflux,rflux
1237661949742220315,241.617698385958,6.86262239700855,2.440988,16.90775
1237661949742154861,241.487988592572,6.887351719876,2.745031,15.83458
1237662199363273343,241.307285715872,7.19793452138314,8.518355,38.0829
1237662199363207865,241.052842790857,7.18199874535537,9.476574,35.25079
1237662635839128759,241.067854599791,7.45360938849048,3.43895,16.40661
1237662200436949600,241.250134668288,8.07345324113404,3.848355,23.12965
1237662636376064664,241.281430392783,7.82235230618106,19.52559,54.59849
1237662635839259264,241.333284642254,7.45458812213302,15.62774,65.51492
1237662199900144906,241.365583394949,7.61894516268809,3.295318,18.48736
1237662635839324614,241.477556821113,7.55229419548513,14.56169,59.44846
1237661949742023354,241.236494709625,6.88191146293628,4.057156,19.32954
1237661949742089343,241.361271940148,6.85419116147039,6.969416,28.24395
1237662198826468447,241.342857730141,6.75532020240569,2.609357,14.16018
1237662198826468160,241.280619784966,6.72384266987594,3.23119,18.6814
1237662199363404327,241.496437662645,7.07242198739912,7.24212,33.36123
1237662199363338825,241.433399032686,7.01522141299603,7.416044,30.80064
1237662198826599415,241.621471598416,6.73701482866457,4.031465,19.49403
1237662635839455789,241.744829959293,7.42380033107546,3.3973,17.38977
1237661950279090599,241.729327617949,7.21258068769431,14.93043,57.28251
1237661950279156711,241.812099853066,7.14010846373091,4.841349,20.41521
1237662198826664639,241.830806263458,6.61946879792445,12.6923,53.42099
1237662199363535483,241.832997516642,7.00679225659106,5.287423,27.95609
1237662199363535402,241.776226138301,6.98175409585933,6.21636,28.91857
1237661949742285663,241.728382215335,6.80558415771261,4.016836,18.23506
1237661949742285489,241.750834316681,6.89073190441489,4.300239,24.12658
1237662239101682567,241.850273279927,6.77556565463502,6.303882,27.77363
1237662198826664551,241.839178900599,6.59257340775437,5.823013,25.5905
1237662198826730711,242.000417878762,6.60567932486442,4.04422,16.46735
1237661949742416676,242.027494775373,6.76357827481404,4.117902,24.02855
1237662239101682747,241.888218736114,6.70522706678005,3.731728,14.73966
1237662239101747725,241.999344600552,6.68781973498719,9.780892,40.04122
1237662199363601712,242.036362354703,6.98364705568102,1.755244,14.29613
1237662199363667280,242.136559232541,6.89680592829567,4.2628,21.72536
1237662239101812859,242.165385079671,6.72276139842849,3.985725,30.502
1237662198826795942,242.06276710805,6.59958775554221,3.220927,18.41754
1237661950816093424,242.1584274905,7.61680275630835,2.485469,16.25329
1237661950816158460,242.175505182327,7.54104039970701,5.65403,21.98353
1237662635839652515,242.193008943442,7.38440196375135,3.270075,14.98835
1237661950279287825,242.16578674221,7.09847500238739,4.78484,23.11361
1237662199363732119,242.258857038463,6.96639859940352,14.52746,53.52615
1237661949742481952,242.261593373062,6.76130136002062,8.768513,39.37417
1237662239101812928,242.213588457913,6.72051922922663,3.394977,21.49121
1237662636376588446,242.460788722157,7.63545347513272,9.965208,40.60366
1237662636376589103,242.442476300853,7.60906405109906,5.268126,28.5008
1237662635839717720,242.354744867043,7.3243560712859,3.46273,19.89798
1237661950279418916,242.449113391098,7.10736187432134,2.479994,14.72406
1237662198826992917,242.547750613214,6.51999364340217,14.81083,18.78646
1237662636376589110,242.462641486279,7.66888824692995,6.739941,31.89322
1237661950279418582,242.470694279601,7.11419329387916,2.504108,16.11099
1237661950279484449,242.628705066233,7.04056697138848,8.215005,22.91262
1237662198826992326,242.576179353584,6.55589812034436,14.90993,52.98075
1237661950816354929,242.695585582252,7.49133535118852,3.929857,23.3287
1237661950279549876,242.76281251294,7.02633571126684,1.694039,13.73564
1237661950279681088,243.036458450678,6.97937601965418,4.230254,19.41501
1237662199364059839,243.050849443849,6.81351567912243,2.986021,12.52036
1237662635840111423,243.295096178486,7.04880088075988,6.415006,29.81375
1237662635840111920,243.245909155519,7.00995820156386,2.944026,18.98424
1237662199364190834,243.275697143055,6.651438581509,11.42825,44.67166
1237662239102337533,243.373181075373,6.53323388495383,17.04696,68.42728
1237662635840177293,243.420151436007,7.11099287173218,3.142712,23.10193
1237661950816682538,243.413139599576,7.3074129840717,5.215997,29.10164
1237662635840307701,243.658288146001,7.04011137938833,4.237875,21.38682
1237662199364256384,243.443898309009,6.7440433049642,4.800536,22.87911
1237661949743072246,243.561709097942,6.57036422388423,3.954185,18.66402
1237662199364321873,243.563519140786,6.63515500939239,14.83702,59.46282
1237662635840373396,243.807095632253,6.94897571061784,3.05575,18.7324
1237662199364387596,243.719489216699,6.66443014433698,3.461066,19.31655
1237662199364453021,243.879218709043,6.70899281844091,15.27867,61.19293
1237662199364453317,243.85152690057,6.61039826054868,2.82264,12.87813
1237662200438850753,245.5880844085,7.18404270019879,2.656019,19.54037
1237662636914835816,245.589664769743,7.44743647598676,53.85817,180.3744
1237668348149498893,245.661071125035,7.56425366499739,2.777866,14.60014
1237662199901913802,245.403199330287,6.826756171268,14.50793,48.34919
1237662635840963256,245.15358805556,6.65625029440274,12.01719,49.10278
1237662199901848771,245.207674598278,6.89455909155045,1.22517,13.5326
1237662199364911783,245.019331285546,6.5314712501794,6.146607,29.58985
1237662635840897207,245.026887837922,6.54926653332106,3.207447,16.03717
1237662636377703879,244.992301614329,7.18911209065316,3.577526,20.79655
1237662635840832855,244.871754007297,6.68569106209134,4.669638,18.95991
1237662635840832868,244.866576926935,6.64945156589087,2.306423,14.47233
1237662635840897987,244.927220163429,6.59572874015502,3.2888,13.25149
1237662636377572048,244.671637339997,7.15868418662362,5.669417,26.06288
1237662636377572016,244.649185014004,7.16406339153511,6.430541,28.70216
1237662636377571837,244.646501098832,7.10834873570018,9.715955,29.0744
1237662200438392006,244.5466318491,7.30386855170461,3.977641,21.40441
1237662200438391763,244.482801318642,7.37774976226239,1.613584,15.70198
1237662636377440880,244.451431094136,7.30799914443473,14.29692,57.51737
1237662636377505907,244.487807614603,7.24679402974152,2.164398,13.75966
1237662636377506558,244.587070078728,7.24828896933975,15.33876,59.07653
1237662199364715132,244.461066550823,6.57836960536836,5.683346,24.82524
1237662199364650313,244.375749547425,6.5660318060239,2.326883,13.35073
1237662199364650221,244.363945814616,6.59915220497605,2.682626,15.201
1237662200438260386,244.285782383319,7.47287593248093,10.51548,42.44692
1237662635840504489,244.126085591783,6.88443173812639,4.909742,25.56282
1237662636377309965,244.125319770439,7.21261991630407,5.240497,25.77786
1237662636377310589,244.092235839121,7.25194348622079,3.544079,19.51247
1237662199901324249,244.059058044288,7.02864909224206,4.00169,20.69191
1237661950280139986,244.072345540478,6.75504483539809,4.860507,24.08916
1237662199364453108,243.980680040314,6.68233647832059,4.578663,26.4864
1237661950280074535,243.984042397965,6.74944194052363,3.699637,18.40357
1237662635840438507,244.012334505584,6.91843226910021,1.620984,14.82786
1237662635840439029,244.039791045232,6.98357742842031,3.303683,20.94093
1237662199901257977,243.926426215286,7.09988149574515,1.936733,13.52261
1237662199901324024,244.062163730446,7.05587435374449,7.34525,27.73964
1237662636377244688,243.882706377926,7.32235767667621,5.204278,26.10212
1237662200438129660,243.935079278597,7.44353329008641,2.100477,15.59667
1237662636377179198,243.745625863454,7.36936073659078,3.795402,19.08288
1237662200438064167,243.735389113821,7.49367240771142,4.533504,30.152
1237662199364321947,243.690042115169,6.73726669312429,16.86604,59.18394
1237662635840242380,243.482665959507,7.06071046325705,3.976529,24.72618
1237662635840307708,243.641425931812,6.96253389141495,4.609279,27.02153
1237662636377113663,243.615759076582,7.39722646500508,3.502451,16.78145
1237662636377113845,243.649453705059,7.37012016082091,4.280759,32.58197
1237662636377113210,243.597785234881,7.49403144881519,5.393002,23.0061
1237662199364191512,243.361974813825,6.72232982080692,2.714801,15.36259
1237662199364190870,243.343943496845,6.74729739474051,17.69614,77.2179
1237662199900996273,243.280764203625,7.21162059305521,2.796478,18.32441
1237661950816682548,243.413246085524,7.26828556691252,16.86621,62.90798
1237662636376982046,243.280141747067,7.48147147738323,11.23004,40.1982
1237661950279680991,243.013729574849,6.99651152118835,4.611702,24.12989
1237662199900931129,243.098002245248,7.28162510161476,4.849271,23.58385
1237662199900865201,242.905189161301,7.27535444795291,6.064951,27.65059
1237662199364059779,242.983343363913,6.81245699700669,11.56692,49.08437
1237662534362661315,242.88814341069,8.20928226200724,2.524939,17.6787
1237662636913591701,242.877083097556,7.98024438140969,4.048301,15.34745
1237662636376720703,242.775003641685,7.65168484985759,3.007929,18.12293
1237668348148318369,242.967845792874,8.22004942610994,2.043286,14.04837
1237662636376785601,242.912850511837,7.64931397174349,7.89739,40.1809
1237662637450592348,243.200953990034,8.29722783263117,6.423677,31.34926
1237668348148253294,242.908766624948,8.30769105044478,18.25382,57.2298
1237668330964386321,243.125439122542,8.50159129451002,16.76431,57.39989
1237662637450527999,243.107524228976,8.31488337317735,4.27288,15.89185
1237662636913787554,243.230123064515,7.98375912056121,6.437206,31.42477
1237668330964517799,243.43460059347,8.42792562208611,1.433797,16.98712
1237661951353487883,243.38660105718,7.74100981760852,13.54021,51.11658
1237662636377047946,243.436225564461,7.51697392643754,3.119797,18.25049
1237662534362923688,243.419953044683,8.04760126181491,7.067051,32.76142
1237662636377047660,243.479318359153,7.52485025465912,14.82255,53.93697
1237662637987595037,243.611723592421,8.59585551147524,14.44947,59.7625
1237668348148580910,243.606973216346,8.0599478147911,5.000753,25.48494
1237661951353684251,243.712086551697,7.65361422575076,2.960667,18.30308
1237661951353553338,243.54770015889,7.78043909576984,4.814106,17.49585
1237668348148580466,243.585140282517,8.08787575905063,10.65709,46.27444
1237661951353618973,243.669806412733,7.75443746104781,10.8666,44.32121
1237668331501453848,243.720319874824,8.83439345298886,4.188807,29.41713
1237662637450790247,243.69886774988,8.28463318192255,2.317032,14.59212
1237662637450855114,243.782099395215,8.26178566120944,4.643066,22.84554
1237662637450855203,243.867885888893,8.1928551674155,2.705215,18.42291
1237668348148777699,243.93243292911,7.9382858267597,3.475635,18.01583
1237668348148712328,243.893240843073,8.09152089963311,3.374057,22.75681
1237661951353684493,243.848306785419,7.63180714691034,2.151182,17.54247
1237662636914049260,243.923969096157,7.83783817646963,1.864519,12.90557
1237662636914049080,243.808029759454,7.77922108676522,2.882076,19.18865
1237668348148646455,243.790831046484,8.06235904423414,6.569605,27.09762
1237662637987725995,243.861794709879,8.60069983493132,8.052953,38.71414
1237662638524596710,243.92639254884,8.98920840342234,9.912189,42.29877
1237662637450855837,243.87018366756,8.25782206622107,2.547632,15.05731
1237662636914115474,243.970517585477,7.81260677093183,2.061579,13.97829
1237662637450985913,244.06090937198,8.13397652207716,0.6823205,13.0332
1237662534363185614,244.023294678648,7.86446274230373,3.995033,18.93636
1237662636914115019,244.022003897871,7.72400410657383,2.626079,14.8286
1237662636914115704,244.001074775499,7.79566684992776,4.202557,18.83286
1237668330964844677,244.16289977208,8.25551483281662,23.1933,70.73207
1237662534363251562,244.128378002244,7.83258589218695,3.967091,21.53289
1237662638524662380,244.199111286414,8.99094224353872,2.839854,13.36372
1237668349222519402,244.26205447717,8.74378218386107,8.341104,27.62156
1237668348685648426,244.196919953046,8.41644773450252,2.641518,13.47097
1237662637451051630,244.266636979657,8.13274519721956,4.026946,23.09114
1237662637451052480,244.352967850128,8.19292180696564,2.580303,13.60479
1237662637987988789,244.529563937494,8.44114178398165,3.123854,16.91315
1237668348149040143,244.671002671989,7.81771101675741,2.398255,13.58486
1237662637451247741,244.695144045255,7.95069164692952,10.81694,45.13735
1237668331501913295,244.76321037031,8.55122596104256,2.25761,13.65229
1237662637451510001,245.208668074784,7.82458442509761,4.899585,19.39615
1237662636914573983,245.004275874066,7.54121886215182,7.997059,35.61053
1237668330965304350,245.21150000079,8.0238004886677,2.6492,14.80703
1237662637451510782,245.244038966624,7.94678984447028,2.922007,15.758
1237668348149432695,245.406291663494,7.56369706281907,9.728897,40.47834
1237668348149367254,245.3467725555,7.59137087156467,55.83971,145.643
1237668348686238662,245.425122406691,8.14554686031347,1.85424,15.9891
1237662637451575968,245.509501953933,7.86093231090367,38.67457,139.4604
1237668348686238472,245.443674311351,8.01747178982096,2.700672,15.77642
1237668271915139829,241.141995484711,11.4558449501313,2.548296,14.50444
1237668365853131392,244.454283066899,11.3216790320805,17.75644,61.82415
1237668271916450156,244.0194543036,10.4283587326284,14.12342,40.34508
1237668311094329879,244.005130257145,10.8013351211795,31.8066,96.19471
1237668365316064574,244.00539462849,11.1410587534244,2.100036,16.51677
1237668310557459050,243.793918883446,10.3203546052495,14.74003,49.85676
1237668272453124650,243.743931950861,11.0176124879201,7.715827,29.91549
1237668310557328415,243.561587453521,10.4208444427333,2.392941,12.92531
1237668272452994098,243.491677745033,11.0172530211823,6.248868,20.26542
1237668270842576917,243.517817797619,9.82538080628375,1.89636,14.1847
1237668310557262413,243.381098946832,10.4933424098354,9.724953,41.20349
1237668271916123048,243.352776209198,10.7511459379696,2.461792,13.20317
1237668310557196692,243.25341143011,10.5545274275786,10.39285,42.48195
1237668365315671128,243.051627794487,11.4224609607609,3.04491,15.54922
1237668272452731419,242.833282439749,11.1861827164389,13.01556,47.19817
1237668271379055561,242.753252280078,10.3391279512501,2.141464,13.02594
1237668311093805533,242.71546621482,11.1910003959206,10.13963,41.97297
1237668271915795294,242.590503481102,10.8423205069868,4.969642,25.67672
1237668311093740070,242.694936968312,11.2006116425419,15.52736,60.72105
1237668270842118628,242.555074030088,9.99151580528669,18.94687,65.57098
1237668333111411084,242.558701563409,10.2752154987658,13.7462,54.75601
1237668310556803920,242.279343830861,10.7053811816859,2.591092,13.74992
1237668271915663767,242.311651530011,10.9824465131322,28.51803,96.14105
1237668271378727571,242.067454813211,10.5738729155382,12.28283,44.10612
1237668271378728051,242.093763432479,10.5883082473157,2.61366,15.80057
1237668332574343945,242.055268021088,10.1552442182756,5.160174,18.27856
1237668333111149105,241.913493401591,10.4269106410793,8.601351,44.76786
1237668365315540155,242.807215756962,11.4631675869792,3.572761,16.43646
1237668365852999757,244.212621788441,11.4852135939127,3.814171,14.50544
1237668333111411197,242.5272075443,10.3071809357729,10.7137,44.24356
1237668333111345471,242.45232640407,10.2984990495552,10.88216,32.687
1237668270841987948,242.169091378146,10.1321816934966,3.34681,20.87645
1237668350295212497,242.155748865403,10.3078586632811,5.792602,27.20156
1237668271378728121,242.138939365389,10.6488875391427,4.45096,24.5316
1237668333111215317,242.191865916929,10.4809410050819,4.397487,15.57233
1237668333111214931,242.040576636569,10.3888278753013,4.859264,19.81819
1237668270841856616,242.025687356254,10.3108113291648,7.779693,34.34427
1237668333111148648,241.927099576363,10.4167890579137,5.353312,18.15194
1237668332574278142,241.925300097307,10.0432632157053,6.722657,33.40284
1237668270841856925,241.928402560476,10.2901253172272,2.995361,14.29982
1237668271378662308,241.889100661288,10.7104296097275,1.934616,12.94163
1237668332037407189,241.746391883974,9.79263067119263,16.67111,66.75674
1237668333111018267,241.651561564493,10.5269078569033,5.202453,21.76024
1237668333111018196,241.630844439318,10.5392476147257,3.054419,18.99061
1237668270841659806,241.529578871816,10.3893103858723,24.8439,81.62999
1237668270841594730,241.370290159885,10.4935747287958,1.757196,18.89907
1237668332037145679,241.217250161665,9.88028023101261,3.92608,17.67622
1237668332037210970,241.307483101145,9.91926378481427,4.245231,20.43789
1237668332037210534,241.34769215663,9.85767297007164,3.722292,22.80056
1237668332573950664,241.080741188969,10.3090304622148,2.069522,12.99218
1237668333110887221,241.320514538186,10.6049671957825,2.533096,12.93956
1237668333110821944,241.301196017926,10.7564140673492,4.811682,22.7924
1237668349757948266,241.110795134716,10.0867199510797,3.685953,15.3981
1237668349757948445,241.129710916345,10.0081235641159,5.214105,24.93185
1237662638523286112,241.041719251574,9.60501049433048,3.599004,18.20827
1237668332573950159,241.079621135709,10.3308067729673,12.49003,51.54216
1237668310556279430,241.095821123085,11.1189394400295,2.246538,14.80439
1237668271378334191,241.152754267884,10.9124775156716,17.38459,65.02526
1237668271915139620,241.250039157449,11.3601477732123,4.609675,21.97046
1237668271915205398,241.299664541715,11.3477909555369,3.222569,17.55247
1237668271915140115,241.198150776299,11.3467808119409,3.821979,18.2006
1237668310556279075,241.122568355936,11.0793298830887,123.416,280.3417
1237668310556541742,241.748454929544,10.8735110952395,2.798481,16.0688
1237668271915467099,241.913009999018,11.0993772038403,3.079955,18.0645
1237668311093542967,242.147722949826,11.2210992270064,5.833901,16.30396
1237668310556672827,242.033820267341,10.912246625645,3.50669,17.26182
1237668310021177668,244.931405389848,9.54807072556784,114.729,229.8057
1237668333112460812,244.926122583433,9.64897326539943,2.350205,13.7571
1237668271380038888,244.951357344865,9.77743910690941,3.001965,16.60313
1237668271380038769,244.923147092037,9.77644770146349,3.394561,18.88214
1237668310557982907,244.989674497256,9.9224281442794,1.888514,14.98033
1237668310021112937,244.809153045872,9.55553637790268,2.292061,12.98229
1237668310021112913,244.817070936803,9.59857838748261,4.562531,18.1846
1237668271379907378,244.764724455847,9.94509679808507,9.7593,41.56401
1237668332575523412,244.581435178123,9.31488997411114,10.88905,45.55342
1237668333112394604,244.694674992312,9.73341227425439,2.505534,13.97166
1237668271379908118,244.746446359563,9.78103561855594,4.85296,14.61203
1237668349759455651,244.539496753409,9.24492523653035,3.490757,17.575
1237668270842970156,244.36079783468,9.45658533697814,14.83123,55.57648
1237668333112263038,244.439652109622,9.77672195008392,27.04376,91.3837
1237668349759390245,244.311211544333,9.14595638650695,6.609911,30.06814
1237668349759325427,244.292871074999,9.32931711558004,2.221343,14.98644
1237668310020850397,244.18042764965,9.72422611645413,5.256015,17.80869
1237662638524662872,244.117489478622,9.04038455433729,2.54311,15.71382
1237668332038456088,244.052425268813,9.16936744836635,2.652598,17.97862
1237662638524662195,244.160908187005,9.07953984145414,16.67324,65.53969
1237668349759324967,244.122264939615,9.2352601138091,5.418625,22.63579
1237668349222388411,243.883715346495,8.84543745981394,8.969853,34.36656
1237668332575195608,243.902264985175,9.50592242074845,15.65418,66.14607
1237662637987660659,243.809804049816,8.60204760207119,10.85756,43.14178
1237662637987661174,243.758252953723,8.68669874466684,2.308916,16.27798
1237668349222322905,243.748316347106,8.90725426432284,13.99849,58.2415
1237668332038324252,243.770451033903,9.24453011751236,2.206057,14.04633
1237662638524531703,243.811116493599,9.15120930447553,2.845697,15.4748
1237668270842642701,243.670707936379,9.76536000614891,17.80921,68.90922
1237668270842578114,243.649615319703,9.82690182954544,3.039079,15.71157
1237662637987529161,243.469540154462,8.61996054312211,2.519296,14.04768
1237668349759062707,243.544488074358,9.3441630664438,5.98514,23.14313
1237668332038193524,243.495035352229,9.31497496176179,20.46797,76.25076
1237668332574999032,243.489861474493,9.62430250323331,2.364002,14.47024
1237662638524203726,243.197752897726,9.26284869287577,7.122947,37.41522
1237668332038063176,243.262588975603,9.37473667225208,4.064863,25.96549
1237668349758931707,243.297382132927,9.61116535463587,2.475374,14.87599
1237668349758866427,243.246943058137,9.60502248912197,1.991043,17.32261
1237662637987398252,243.205297939642,8.89272837773335,3.970651,21.71278
1237662637987333464,243.073854796155,8.91511826618616,2.678377,14.32778
1237662638524138138,242.974844939241,9.28458125016613,15.34489,58.86661
1237662638524138161,243.025518754571,9.31747709576778,4.71385,21.21723
1237668349758799914,242.953199360263,9.509878089054,21.42929,75.83322
1237668349758800416,242.997848589003,9.5693967595987,16.0234,62.62051
1237668332037865564,242.806118243328,9.50899258291675,43.48953,138.3809
1237668349758735137,242.873051735644,9.51918087600312,4.593551,21.53368
1237668349758538313,242.520114873029,9.73401972382244,22.07322,96.09964
1237662638523941593,242.460690045768,9.31126300194262,2.698909,16.87126
1237668332037603992,242.228189772405,9.64594699746,17.38897,61.84569
1237668271915729432,242.541411743084,10.9897747953361,3.051079,17.94031
1237668310556868922,242.42231468318,10.6816879287301,5.071332,16.00383
1237668270842053178,242.378707883173,10.045296652259,2.374589,13.80368
1237668310557066029,242.876812148224,10.5579289399444,1.859089,15.44343
1237668270842380911,243.118435308212,9.89482740097775,7.054295,38.84021
1237668310557197009,243.137269575454,10.4874074253273,9.600738,33.58103
1237668271379251505,243.253221465851,10.3607588459816,9.801147,44.41764
1237668311631003727,243.583184973934,11.3202530941377,3.289171,14.79838
1237668365315867095,243.538483727967,11.2657286455011,17.82455,62.20475
1237668271379383371,243.584006902348,10.2922657186279,2.710877,13.61371
1237668271916319353,243.8215730713,10.5670415420852,5.872402,25.24436
1237668310557459191,243.743330155207,10.3936186916887,7.40506,19.88394
1237668311631069814,243.744972707823,11.2431845854999,12.64008,44.396
1237668365316063711,243.971643132372,11.0977155036064,1.615424,13.37959
1237668310557459593,243.850405467302,10.2937566241536,3.53754,18.67683
1237668271379514387,243.828366054934,10.1457106159472,3.456904,16.71852
1237668310557459532,243.823680136133,10.2709183249249,7.417737,33.4241
1237668272453321273,244.124765985676,10.8218725104915,21.71281,62.77033
1237668271916385014,243.962410977247,10.6162469261148,3.476781,20.10576
1237668310557590138,244.029408640869,10.2472840992001,11.20387,40.01049
1237668311094526451,244.399751435637,10.6479191291878,3.72515,19.849
1237668365316326563,244.556770508874,10.8895681564301,4.715729,16.96912
1237668271916712615,244.667718007864,10.3108959193247,14.58859,54.99986
1237668272453583554,244.832438880894,10.6646467487979,7.666028,31.44643
1237668310557852191,244.752067601007,10.1322229671841,6.704788,27.75382
1237668311094723616,244.847646598846,10.4383381813519,2.554742,14.50404
1237668311094788361,244.884989875953,10.389309356171,20.28002,69.81088
1237668272453714840,245.034200151314,10.5859940019898,2.776051,15.58717
1237668272453714169,245.005661930563,10.5901666150299,28.82614,104.8802
1237662636913722073,243.119173579561,7.97245009871259,5.353629,22.61674
1237662636913722029,243.187440481913,7.96283542070416,6.909592,29.73147
1237662534362792532,243.203183670874,8.10157640374721,6.377903,32.62567
1237668348148384778,243.168982001066,8.21279026318981,4.776194,29.28173
1237668348685190218,243.126228522732,8.61343177097505,2.025016,13.85832
1237662636913590554,242.901686225814,8.01712916228627,21.27028,57.96053
1237662637450461317,242.927477365441,8.37792665039699,7.365777,33.11501
1237668330964255248,242.866352911847,8.54673601982931,19.38705,68.35865
1237662636376719833,242.730989725167,7.55085746025481,4.249206,24.14488
1237662636376785637,242.929712749593,7.50654466189344,3.969923,18.89446
1237662534362661169,242.806576007981,8.12658495337321,3.906507,21.21246
1237662534362595878,242.710548898146,8.15352027640313,9.723341,48.17444
1237668330964255236,242.842048739004,8.54874788751449,18.80741,69.4789
1237662636376654537,242.609359411289,7.60601018379385,5.311038,25.55632
1237661951353094617,242.506997828992,7.91632449164126,5.917449,27.74246
1237661950816158705,242.240837120182,7.51143111769559,6.069613,21.03624
1237662636376589437,242.404165174021,7.71896311806975,4.494901,27.9363
1237662200437408920,242.369303081262,7.85116506964498,3.021777,19.79857
1237662636913328693,242.286031188282,8.09459558452638,10.11898,35.35902
1237662534362464489,242.447876147428,8.21330912699096,3.863209,22.26488
1237662534362465068,242.38174082184,8.30670982354761,2.628013,16.35273
1237662636913329802,242.320881534447,8.13132417218657,2.761258,13.22709
1237668348147991406,242.306239167832,8.40871176293097,3.003409,19.00809
1237662199363601760,242.064475029774,7.07804136273792,5.081325,27.8099
1237661950279287304,242.137553660285,7.09024552292061,2.711775,17.51128
1237662199363600512,242.006776387877,7.08211213862449,12.16975,53.66669
1237662199900406453,241.930343023432,7.52832451127592,18.83601,62.12251
1237662636376392104,241.978161737251,7.70860266811431,41.56567,128.4015
1237662636376393138,242.07501961629,7.81554994568037,1.950076,16.1133
1237662199363470187,241.721699504482,7.03959796988814,2.853881,17.75546
1237661950279090600,241.733737185096,7.21246355199863,4.179338,18.88237
1237662636376261254,241.665502198751,7.76558522049606,7.322616,34.87873
1237662200437277074,242.03603086223,7.94140806997112,17.57813,66.75533
1237662636913263021,242.085061627028,8.08713440119404,5.990687,17.19488
1237662200437276937,241.954393940746,7.95050501774995,4.553708,27.35203
1237662636913263149,242.034794074734,8.17141925069043,18.36818,61.48032
1237662636913197690,241.970851023346,8.16589779257029,5.505109,21.12129
1237662636913132126,241.884280438689,8.28426185489203,15.19904,59.78003
1237662534362268532,241.945905697536,8.37007338671255,3.190282,13.47969
1237661951352832757,241.80740383689,8.03955420515059,2.838763,16.40172
1237662636376261951,241.763923658045,7.90703340365032,2.994855,17.91996
1237662636913132237,241.753823501518,8.25580225207594,3.50803,18.28698
1237661950815896073,241.630121940866,7.65199230394399,8.545528,35.39534
1237661950815896114,241.600042069629,7.74221154268099,3.553115,19.89008
1237662636913067141,241.649129376627,8.22539932367307,2.081925,13.64561
1237662636913066083,241.657009705542,8.27485596313372,2.400052,13.92736
1237662635839260086,241.361282316702,7.37038941755063,1.576912,13.86745
1237662199900144948,241.373351106991,7.61351981762857,1.818716,13.30283
1237662636376195716,241.505454764392,7.81833747396857,3.670354,18.73482
1237662636376195617,241.522419020134,7.85313929234576,7.679893,30.44381
1237662200437080297,241.512129632829,7.99200364388789,6.088737,25.50922
1237662534362071588,241.566420541186,8.54159666542201,11.26955,42.67722
1237661950278828261,241.129343096538,7.36314359891891,27.60469,73.35068
1237662199900078784,241.195232472938,7.65306800568658,5.167809,28.12963
1237662635839128197,241.023288038966,7.60344732396658,3.192066,16.52716
1237662636912935433,241.297275810366,8.33161027154484,17.3899,62.39871
1237662636912869991,241.270316186441,8.31822164229072,5.920176,28.07641
1237662534361940214,241.284471347071,8.5189278735651,6.195114,26.82675
1237662636912804446,241.112039521506,8.4674102703721,8.4853,39.25982
1237662637449675139,241.126573132362,8.88042728074696,9.305296,37.90143
1237662637449675158,241.097255491648,8.72734858129495,15.14785,64.83601
1237668332037211116,241.333345628986,9.86584144503762,2.312364,17.94234
1237662637449806497,241.490418993158,8.67580502578952,8.561646,29.50873
1237662637986611771,241.429168829311,9.09650452419018,3.490849,17.4498
1237662637986677361,241.553295735185,9.23590158937361,5.270698,28.97839
1237668349221339500,241.588470573339,9.42966275482626,77.44185,196.6828
1237662637986677462,241.601136109259,9.05652715655046,3.446687,19.1789
1237668330963665844,241.521636077589,8.85241940645723,2.437829,14.06658
1237662637449872093,241.543003103433,8.6460759859732,2.886284,18.86449
1237662637449871765,241.56857525257,8.63418202448235,6.782686,32.77136
1237662637449937583,241.705357144467,8.74976927347711,21.17547,68.64646
1237668332037407199,241.757534215476,9.79872022666289,9.203607,39.80622
1237668332037407889,241.804832385781,9.66015459939245,2.325739,15.381
1237662637986809212,241.897186933716,9.14054442582137,1.485311,13.68826
1237668332574343653,242.02912914667,9.97162114044186,7.103009,35.20986
1237662638523678899,241.929206334951,9.42259109631078,5.90158,49.60886
1237668349221536210,242.049076715342,9.35534985992474,16.60242,66.45542
1237668332037603968,242.192041290344,9.61670741346678,23.06386,73.26968
1237668330963927493,242.222449657237,8.80161087352828,31.12548,110.8919
1237662637987070136,242.484998665379,9.00063542823388,20.16171,74.09648
1237668349758735114,242.862350753031,9.53090363083553,3.017337,18.39743
1237662638524138159,243.00712517173,9.2379489757161,19.24833,63.20819
1237662200439046791,245.933078538704,7.03214152493046,10.75735,43.34806
1237668348149629390,245.955390411125,7.51249429906937,13.63519,54.21105
1237668348149629103,245.956140599232,7.58903696491324,2.965318,19.1522
1237662200438980667,245.821414747464,7.08091402530556,3.723821,25.99068
1237662636914966670,245.922014326134,7.24436995544339,4.026934,21.99908
1237662637451772690,245.837010873549,7.68140848831466,12.72828,53.16135
1237662637451772695,245.85428692613,7.68369210622722,11.66146,50.52396
1237668348686434967,245.843403539579,8.07529349594151,8.465221,40.30852
1237662637988578466,245.814273714125,8.14881931558405,3.123193,12.44362
1237661950817665673,245.732772078486,7.03917737588654,25.0767,103.4497
1237662637451707083,245.66235852302,7.78600217820327,2.260629,16.50681
1237662637451641109,245.64586597096,7.826803110957,1.969293,13.58466
1237668348686238293,245.453589876807,8.03926359454208,14.25129,52.25305
1237662636914835815,245.594209910904,7.44035485614925,59.55123,209.6266
1237668348686173368,245.323973946357,8.06156010116427,1.965942,12.74945
1237668330965370042,245.375753483213,7.98340169636734,2.388272,17.31276
1237668348149432983,245.426292398899,7.5892702751782,39.928,136.9024
1237668348149367400,245.33352387891,7.61860222163822,8.567862,42.16655
1237662637451445137,245.219558581082,7.90415260308958,14.32076,55.44889
1237668348686107229,245.137257641512,8.10043653677123,9.287557,39.37565
1237662637451445418,245.120014522591,8.0252479947236,3.721707,19.10786
1237668348686042307,245.040646783307,8.11163723177179,2.41027,14.69598
1237662200438718590,245.284681914088,7.27811312397644,0.7100239,13.07656
1237662637451117751,244.419505857845,8.16815568377155,3.234595,23.59281
1237662637988053196,244.686748731199,8.43236920903172,18.81157,67.22306
1237668348685845364,244.590426768202,8.36703039383782,1.699725,12.87563
1237668331501912770,244.715303145938,8.58757240113795,15.72306,57.77207
1237662638524924536,244.700849302124,8.91550243548441,11.04258,48.15671
1237668349222781510,244.817221689893,8.61661186948048,4.088695,22.79688
1237662638524989657,244.883820992192,8.85162897564911,1.690453,13.5801
1237662637988184148,244.897949271146,8.41452814443266,4.951969,24.29457
1237668349222847069,244.929380860012,8.63230409809557,19.86268,69.18783
1237662638525055785,245.034615161056,8.70322951181617,13.38787,48.02488
1237662637988184639,244.962207971578,8.39680855569512,45.23282,120.3355
1237668270843298248,245.114737729498,9.21593948942743,10.95674,43.04696
1237668349759718064,245.090757128842,8.93993351783543,14.10933,56.62155
1237662638525251957,245.414488879619,8.65390365469008,14.21968,61.54891
1237662638525186861,245.320520051461,8.77034088261907,4.380087,23.67344
1237662638525252389,245.439224320808,8.62649491597418,2.088985,14.92174
1237668270843429200,245.461682080473,9.10816211695152,82.0748,240.6785
1237668270843364480,245.24262401695,9.21209507790256,2.925041,14.91356
1237668349759848944,245.409633312762,8.92442214119978,5.948602,28.58722
1237662638525318454,245.682382231937,8.58504877230929,2.185204,13.16573
1237668349223174697,245.627184289933,8.4090492075324,6.631122,32.61448
1237662637988512408,245.643171153851,8.18511527001477,3.628099,23.66759
1237668349223175180,245.68290920896,8.38128400298348,2.514139,16.21416
1237668270843560627,245.662006763212,9.02924426304078,12.67304,45.39375
1237668349759980074,245.69224417707,8.85369549482826,3.69648,18.7345
1237668349759979922,245.60044033405,8.8302564299805,4.056253,21.67582
1237668332039307634,245.925432475218,8.49335256362092,4.228134,21.77541
1237662638525448969,245.888432149064,8.52794950309114,6.312593,30.54902
1237668270843560688,245.788061504564,9.10840308582427,5.437441,25.49628
