objid,ra,dec,gmag,rmag
1237661949742220315,241.617698385958,6.86262239700855,21.52961,19.42973
1237661949742154861,241.487988592572,6.887351719876,21.40247,19.50092
1237662199363273343,241.307285715872,7.19793452138314,20.17399,18.54816
1237662199363207865,241.052842790857,7.18199874535537,20.05827,18.63206
1237662635839128759,241.067854599791,7.45360938849048,21.15819,19.46239
1237662200436949600,241.250134668288,8.07345324113404,21.03622,19.08955
1237662636376064664,241.281430392783,7.82235230618106,19.27347,18.15704
1237662635839259264,241.333284642254,7.45458812213302,19.51522,17.95915
1237662199900144906,241.365583394949,7.61894516268809,21.20445,19.33277
1237662635839324614,241.477556821113,7.55229419548513,19.59193,18.06464
1237661949742023354,241.236494709625,6.88191146293628,20.97891,19.2844
1237661949742089343,241.361271940148,6.85419116147039,20.39183,18.87267
1237662198826468447,241.342857730141,6.75532020240569,21.45738,19.62225
1237662198826468160,241.280619784966,6.72384266987594,21.22575,19.32143
1237662199363404327,241.496437662645,7.07242198739912,20.35017,18.69188
1237662199363338825,241.433399032686,7.01522141299603,20.32441,18.77858
1237662198826599415,241.621471598416,6.73701482866457,20.9858,19.27521
1237662635839455789,241.744829959293,7.42380033107546,21.1714,19.39921
1237661950279090599,241.729327617949,7.21258068769431,19.56478,18.10494
1237661950279156711,241.812099853066,7.14010846373091,20.78721,19.22508
1237662198826664639,241.830806263458,6.61946879792445,19.74109,18.18072
1237662199363535483,241.832997516642,7.00679225659106,20.69158,18.88379
1237662199363535402,241.776226138301,6.98175409585933,20.51593,18.84704
1237661949742285663,241.728382215335,6.80558415771261,20.98975,19.34768
1237661949742285489,241.750834316681,6.89073190441489,20.91579,19.04373
1237662239101682567,241.850273279927,6.77556565463502,20.50076,18.8909
1237662198826664551,241.839178900599,6.59257340775437,20.58687,18.97978
1237662198826730711,242.000417878762,6.60567932486442,20.98238,19.45838
1237661949742416676,242.027494775373,6.76357827481404,20.96279,19.04815
1237662239101682747,241.888218736114,6.70522706678005,21.06959,19.57871
1237662239101747725,241.999344600552,6.68781973498719,20.02396,18.49372
1237662199363601712,242.036362354703,6.98364705568102,21.88631,19.61188
1237662199363667280,242.136559232541,6.89680592829567,20.92528,19.15755
1237662239101812859,242.165385079671,6.72276139842849,20.99818,18.78916
1237662198826795942,242.06276710805,6.59958775554221,21.2292,19.33687
1237661950816093424,242.1584274905,7.61680275630835,21.51006,19.47259
1237661950816158460,242.175505182327,7.54104039970701,20.61883,19.14472
1237662635839652515,242.193008943442,7.38440196375135,21.21278,19.56055
1237661950279287825,242.16578674221,7.09847500238739,20.79995,19.0903
1237662199363732119,242.258857038463,6.96639859940352,19.59448,18.17858
1237661949742481952,242.261593373062,6.76130136002062,20.14257,18.51196
1237662239101812928,242.213588457913,6.72051922922663,21.17215,19.16931
1237662636376588446,242.460788722157,7.63545347513272,20.0037,18.47858
1237662636376589103,242.442476300853,7.60906405109906,20.69554,18.86284
1237662635839717720,242.354744867043,7.3243560712859,21.15072,19.25294
1237661950279418916,242.449113391098,7.10736187432134,21.51245,19.57986
1237662198826992917,242.547750613214,6.51999364340217,19.57351,19.31534
1237662636376589110,242.462641486279,7.66888824692995,20.42817,18.74074
1237661950279418582,242.470694279601,7.11419329387916,21.50197,19.48213
1237661950279484449,242.628705066233,7.04056697138848,20.21335,19.09978
1237662198826992326,242.576179353584,6.55589812034436,19.56627,18.1897
1237661950816354929,242.695585582252,7.49133535118852,21.01349,19.08025
1237661950279549876,242.76281251294,7.02633571126684,21.92464,19.65529
1237661950279681088,243.036458450678,6.97937601965418,20.93359,19.27961
1237662199364059839,243.050849443849,6.81351567912243,21.31128,19.75586
1237662635840111423,243.295096178486,7.04880088075988,20.48179,18.81394
1237662635840111920,243.245909155519,7.00995820156386,21.32663,19.30397
1237662199364190834,243.275697143055,6.651438581509,19.85498,18.37491
1237662239102337533,243.373181075373,6.53323388495383,19.42085,17.91192
1237662635840177293,243.420151436007,7.11099287173218,21.25585,19.09085
1237661950816682538,243.413139599576,7.3074129840717,20.70633,18.84019
1237662635840307701,243.658288146001,7.04011137938833,20.93164,19.1746
1237662199364256384,243.443898309009,6.7440433049642,20.79639,19.10137
1237661949743072246,243.561709097942,6.57036422388423,21.0068,19.32244
1237662199364321873,243.563519140786,6.63515500939239,19.57159,18.06438
1237662635840373396,243.807095632253,6.94897571061784,21.28626,19.31847
1237662199364387596,243.719489216699,6.66443014433698,21.15124,19.28513
1237662199364453021,243.879218709043,6.70899281844091,19.53975,18.03324
1237662199364453317,243.85152690057,6.61039826054868,21.37226,19.72527
1237662200438850753,245.5880844085,7.18404270019879,21.43818,19.27263
1237662636914835816,245.589664769743,7.44743647598676,18.17187,16.85956
1237668348149498893,245.661071125035,7.56425366499739,21.38958,19.58903
1237662199901913802,245.403199330287,6.826756171268,19.59595,18.28902
1237662635840963256,245.15358805556,6.65625029440274,19.80043,18.27223
1237662199901848771,245.207674598278,6.89455909155045,22.2737,19.67146
1237662199364911783,245.019331285546,6.5314712501794,20.52818,18.82212
1237662635840897207,245.026887837922,6.54926653332106,21.23375,19.48712
1237662636377703879,244.992301614329,7.18911209065316,21.11536,19.20499
1237662635840832855,244.871754007297,6.68569106209134,20.82639,19.30537
1237662635840832868,244.866576926935,6.64945156589087,21.591,19.59858
1237662635840897987,244.927220163429,6.59572874015502,21.20659,19.69425
1237662636377572048,244.671637339997,7.15868418662362,20.61588,18.95992
1237662636377572016,244.649185014004,7.16406339153511,20.47917,18.85519
1237662636377571837,244.646501098832,7.10834873570018,20.03119,18.84121
1237662200438392006,244.5466318491,7.30386855170461,21.00038,19.17371
1237662200438391763,244.482801318642,7.37774976226239,21.97716,19.51005
1237662636377440880,244.451431094136,7.30799914443473,19.61185,18.1005
1237662636377505907,244.487807614603,7.24679402974152,21.65978,19.6534
1237662636377506558,244.587070078728,7.24828896933975,19.53549,18.07146
1237662199364715132,244.461066550823,6.57836960536836,20.61322,19.01274
1237662199364650313,244.375749547425,6.5660318060239,21.58144,19.68615
1237662199364650221,244.363945814616,6.59915220497605,21.42738,19.54525
1237662200438260386,244.285782383319,7.47287593248093,19.94535,18.43038
1237662635840504489,244.126085591783,6.88443173812639,20.77199,18.98095
1237662636377309965,244.125319770439,7.21261991630407,20.70125,18.97186
1237662636377310589,244.092235839121,7.25194348622079,21.12554,19.27418
1237662199901324249,244.059058044288,7.02864909224206,20.99384,19.21046
1237661950280139986,244.072345540478,6.75504483539809,20.78292,19.04542
1237662199364453108,243.980680040314,6.68233647832059,20.84773,18.94242
1237661950280074535,243.984042397965,6.74944194052363,21.07896,19.3377
1237662635840438507,244.012334505584,6.91843226910021,21.97222,19.57223
1237662635840439029,244.039791045232,6.98357742842031,21.2017,19.19748
1237662199901257977,243.926426215286,7.09988149574515,21.77999,19.67226
1237662199901324024,244.062163730446,7.05587435374449,20.33482,18.89223
1237662636377244688,243.882706377926,7.32235767667621,20.70877,18.95829
1237662200438129660,243.935079278597,7.44353329008641,21.69222,19.51736
1237662636377179198,243.745625863454,7.36936073659078,21.05124,19.29835
1237662200438064167,243.735389113821,7.49367240771142,20.85849,18.80169
1237662199364321947,243.690042115169,6.73726669312429,19.43244,18.06949
1237662635840242380,243.482665959507,7.06071046325705,21.00068,19.01708
1237662635840307708,243.641425931812,6.96253389141495,20.8405,18.9207
1237662636377113663,243.615759076582,7.39722646500508,21.13835,19.43787
1237662636377113845,243.649453705059,7.37012016082091,20.92072,18.71754
1237662636377113210,243.597785234881,7.49403144881519,20.67012,19.09536
1237662199364191512,243.361974813825,6.72232982080692,21.41446,19.53377
1237662199364190870,243.343943496845,6.74729739474051,19.38028,17.7807
1237662199900996273,243.280764203625,7.21162059305521,21.38235,19.34238
1237661950816682548,243.413246085524,7.26828556691252,19.43242,18.00323
1237662636376982046,243.280141747067,7.48147147738323,19.87398,18.48947
1237661950279680991,243.013729574849,6.99651152118835,20.83993,19.04358
1237662199900931129,243.098002245248,7.28162510161476,20.78543,19.06844
1237662199900865201,242.905189161301,7.27535444795291,20.54269,18.89572
1237662199364059779,242.983343363913,6.81245699700669,19.84189,18.27263
1237662534362661315,242.88814341069,8.20928226200724,21.493,19.38132
1237662636913591701,242.877083097556,7.98024438140969,20.98128,19.53484
1237662636376720703,242.775003641685,7.65168484985759,21.30336,19.35438
1237668348148318369,242.967845792874,8.22004942610994,21.72208,19.63086
1237662636376785601,242.912850511837,7.64931397174349,20.25615,18.48994
1237662637450592348,243.200953990034,8.29722783263117,20.48033,18.75942
1237668348148253294,242.908766624948,8.30769105044478,19.34659,18.10594
1237668330964386321,243.125439122542,8.50159129451002,19.439,18.10272
1237662637450527999,243.107524228976,8.31488337317735,20.92272,19.497
1237662636913787554,243.230123064515,7.98375912056121,20.47804,18.7568
1237668330964517799,243.43460059347,8.42792562208611,22.10453,19.42465
1237661951353487883,243.38660105718,7.74100981760852,19.67089,18.22859
1237662636377047946,243.436225564461,7.51697392643754,21.26378,19.34677
1237662534362923688,243.419953044683,8.04760126181491,20.37673,18.71158
1237662636377047660,243.479318359153,7.52485025465912,19.57265,18.17028
1237662637987595037,243.611723592421,8.59585551147524,19.60033,18.05892
1237668348148580910,243.606973216346,8.0599478147911,20.75206,18.98427
1237661951353684251,243.712086551697,7.65361422575076,21.32052,19.34364
1237661951353553338,243.54770015889,7.78043909576984,20.79333,19.39261
1237668348148580466,243.585140282517,8.08787575905063,19.93083,18.33664
1237661951353618973,243.669806412733,7.75443746104781,19.90969,18.38346
1237668331501453848,243.720319874824,8.83439345298886,20.94427,18.82848
1237662637450790247,243.69886774988,8.28463318192255,21.58603,19.58963
1237662637450855114,243.782099395215,8.26178566120944,20.83258,19.10297
1237662637450855203,243.867885888893,8.1928551674155,21.41829,19.33656
1237668348148777699,243.93243292911,7.9382858267597,21.14669,19.36082
1237668348148712328,243.893240843073,8.09152089963311,21.17885,19.10719
1237661951353684493,243.848306785419,7.63180714691034,21.66641,19.38972
1237662636914049260,243.923969096157,7.83783817646963,21.82106,19.72296
1237662636914049080,243.808029759454,7.77922108676522,21.34968,19.29235
1237668348148646455,243.790831046484,8.06235904423414,20.45595,18.91765
1237662637987725995,243.861794709879,8.60069983493132,20.23498,18.53032
1237662638524596710,243.92639254884,8.98920840342234,20.00949,18.43417
1237662637450855837,243.87018366756,8.25782206622107,21.4833,19.55556
1237662636914115474,243.970517585477,7.81260677093183,21.71244,19.63629
1237662637450985913,244.06090937198,8.13397652207716,22.89661,19.71228
1237662534363185614,244.023294678648,7.86446274230373,20.99565,19.30672
1237662636914115019,244.022003897871,7.72400410657383,21.45046,19.57218
1237662636914115704,244.001074775499,7.79566684992776,20.94072,19.31267
1237668330964844677,244.16289977208,8.25551483281662,19.08658,17.87596
1237662534363251562,244.128378002244,7.83258589218695,21.00326,19.16721
1237662638524662380,244.199111286414,8.99094224353872,21.36567,19.68509
1237668349222519402,244.26205447717,8.74378218386107,20.19682,18.89686
1237668348685648426,244.196919953046,8.41644773450252,21.44411,19.67642
1237662637451051630,244.266636979657,8.13274519721956,20.98702,19.09136
1237662637451052480,244.352967850128,8.19292180696564,21.46951,19.66569
1237662637987988789,244.529563937494,8.44114178398165,21.26237,19.42938
1237668348149040143,244.671002671989,7.81771101675741,21.54874,19.66728
1237662637451247741,244.695144045255,7.95069164692952,19.91466,18.36365
1237668331501913295,244.76321037031,8.55122596104256,21.61416,19.6619
1237662637451510001,245.208668074784,7.82458442509761,20.77423,19.28067
1237662636914573983,245.004275874066,7.54121886215182,20.24254,18.62104
1237668330965304350,245.21150000079,8.0238004886677,21.44096,19.57376
1237662637451510782,245.244038966624,7.94678984447028,21.33477,19.50618
1237668348149432695,245.406291663494,7.56369706281907,20.02975,18.48193
1237668348149367254,245.3467725555,7.59137087156467,18.13264,17.09178
1237668348686238662,245.425122406691,8.14554686031347,21.82704,19.49038
1237662637451575968,245.509501953933,7.86093231090367,18.53143,17.13887
1237668348686238472,245.443674311351,8.01747178982096,21.42012,19.50492
1237668271915139829,241.141995484711,11.4558449501313,21.48302,19.59617
1237668365853131392,244.454283066899,11.3216790320805,19.37658,18.0221
1237668271916450156,244.0194543036,10.4283587326284,19.62511,18.48551
1237668311094329879,244.005130257145,10.8013351211795,18.7437,17.54212
1237668365316064574,244.00539462849,11.1410587534244,21.69244,19.45513
1237668310557459050,243.793918883446,10.3203546052495,19.57871,18.25568
1237668272453124650,243.743931950861,11.0176124879201,20.2814,18.81024
1237668310557328415,243.561587453521,10.4208444427333,21.55114,19.7213
1237668272452994098,243.491677745033,11.0172530211823,20.51027,19.23307
1237668270842576917,243.517817797619,9.82538080628375,21.80276,19.62037
1237668310557262413,243.381098946832,10.4933424098354,20.03019,18.46266
1237668271916123048,243.352776209198,10.7511459379696,21.52042,19.69822
1237668310557196692,243.25341143011,10.5545274275786,19.95808,18.42948
1237668365315671128,243.051627794487,11.4224609607609,21.29012,19.52066
1237668272452731419,242.833282439749,11.1861827164389,19.71379,18.31518
1237668271379055561,242.753252280078,10.3391279512501,21.67131,19.71288
1237668311093805533,242.71546621482,11.1910003959206,19.98486,18.44257
1237668271915795294,242.590503481102,10.8423205069868,20.75883,18.97613
1237668311093740070,242.694936968312,11.2006116425419,19.52222,18.04165
1237668270842118628,242.555074030088,9.99151580528669,19.30613,17.95822
1237668333111411084,242.558701563409,10.2752154987658,19.6545,18.15392
1237668310556803920,242.279343830861,10.7053811816859,21.46498,19.65417
1237668271915663767,242.311651530011,10.9824465131322,18.86219,17.54273
1237668271378727571,242.067454813211,10.5738729155382,19.7767,18.38874
1237668271378728051,242.093763432479,10.5883082473157,21.45559,19.50326
1237668332574343945,242.055268021088,10.1552442182756,20.71801,19.3451
1237668333111149105,241.913493401591,10.4269106410793,20.16346,18.37258
1237668365315540155,242.807215756962,11.4631675869792,21.1168,19.46042
1237668365852999757,244.212621788441,11.4852135939127,21.0459,19.5961
1237668333111411197,242.5272075443,10.3071809357729,19.92508,18.38537
1237668333111345471,242.45232640407,10.2984990495552,19.90814,18.71405
1237668270841987948,242.169091378146,10.1321816934966,21.18764,19.20082
1237668350295212497,242.155748865403,10.3078586632811,20.59255,18.91349
1237668271378728121,242.138939365389,10.6488875391427,20.87842,19.02566
1237668333111215317,242.191865916929,10.4809410050819,20.89153,19.51905
1237668333111214931,242.040576636569,10.3888278753013,20.7832,19.2573
1237668270841856616,242.025687356254,10.3108113291648,20.27245,18.66035
1237668333111148648,241.927099576363,10.4167890579137,20.67814,19.35265
1237668332574278142,241.925300097307,10.0432632157053,20.43095,18.69053
1237668270841856925,241.928402560476,10.2901253172272,21.3079,19.6116
1237668271378662308,241.889100661288,10.7104296097275,21.78117,19.71993
1237668332037407189,241.746391883974,9.79263067119263,19.44506,17.93876
1237668333111018267,241.651561564493,10.5269078569033,20.70915,19.15581
1237668333111018196,241.630844439318,10.5392476147257,21.28674,19.30361
1237668270841659806,241.529578871816,10.3893103858723,19.01194,17.72037
1237668270841594730,241.370290159885,10.4935747287958,21.88511,19.30886
1237668332037145679,241.217250161665,9.88028023101261,21.01453,19.38148
1237668332037210970,241.307483101145,9.91926378481427,20.92976,19.22387
1237668332037210534,241.34769215663,9.85767297007164,21.07234,19.10511
1237668332573950664,241.080741188969,10.3090304622148,21.70828,19.7157
1237668333110887221,241.320514538186,10.6049671957825,21.4895,19.72011
1237668333110821944,241.301196017926,10.7564140673492,20.79388,19.1055
1237668349757948266,241.110795134716,10.0867199510797,21.08298,19.53127
1237668349757948445,241.129710916345,10.0081235641159,20.70673,19.00809
1237662638523286112,241.041719251574,9.60501049433048,21.10887,19.34928
1237668332573950159,241.079621135709,10.3308067729673,19.75854,18.21959
1237668310556279430,241.095821123085,11.1189394400295,21.61948,19.57395
1237668271378334191,241.152754267884,10.9124775156716,19.39956,17.96729
1237668271915139620,241.250039157449,11.3601477732123,20.84041,19.14537
1237668271915205398,241.299664541715,11.3477909555369,21.22865,19.3891
1237668271915140115,241.198150776299,11.3467808119409,21.04368,19.34974
1237668310556279075,241.122568355936,11.0793298830887,17.27157,16.38078
1237668310556541742,241.748454929544,10.8735110952395,21.38157,19.48498
1237668271915467099,241.913009999018,11.0993772038403,21.27771,19.35789
1237668311093542967,242.147722949826,11.2210992270064,20.58484,19.46921
1237668310556672827,242.033820267341,10.912246625645,21.13704,19.40723
1237668310021177668,244.931405389848,9.54807072556784,17.35082,16.5966
1237668333112460812,244.926122583433,9.64897326539943,21.57065,19.6536
1237668271380038888,244.951357344865,9.77743910690941,21.30551,19.44947
1237668271380038769,244.923147092037,9.77644770146349,21.17228,19.30983
1237668310557982907,244.989674497256,9.9224281442794,21.80724,19.56113
1237668310021112937,244.809153045872,9.55553637790268,21.59776,19.71653
1237668310021112913,244.817070936803,9.59857838748261,20.85156,19.35069
1237668271379907378,244.764724455847,9.94509679808507,20.02636,18.4532
1237668332575523412,244.581435178123,9.31488997411114,19.90745,18.35369
1237668333112394604,244.694674992312,9.73341227425439,21.50135,19.6368
1237668271379908118,244.746446359563,9.78103561855594,20.78461,19.58815
1237668349759455651,244.539496753409,9.24492523653035,21.14198,19.38771
1237668270842970156,244.36079783468,9.45658533697814,19.57202,18.13777
1237668333112263038,244.439652109622,9.77672195008392,18.91982,17.59783
1237668349759390245,244.311211544333,9.14595638650695,20.44931,18.80472
1237668349759325427,244.292871074999,9.32931711558004,21.63168,19.56068
1237668310020850397,244.18042764965,9.72422611645413,20.69804,19.37337
1237662638524662872,244.117489478622,9.04038455433729,21.48523,19.50923
1237668332038456088,244.052425268813,9.16936744836635,21.43957,19.36306
1237662638524662195,244.160908187005,9.07953984145414,19.44492,17.95873
1237668349759324967,244.122264939615,9.2352601138091,20.66498,19.11298
1237668349222388411,243.883715346495,8.84543745981394,20.11793,18.65965
1237668332575195608,243.902264985175,9.50592242074845,19.51339,17.94874
1237662637987660659,243.809804049816,8.60204760207119,19.91059,18.41275
1237662637987661174,243.758252953723,8.68669874466684,21.58983,19.47094
1237668349222322905,243.748316347106,8.90725426432284,19.63475,18.08691
1237668332038324252,243.770451033903,9.24453011751236,21.63916,19.63101
1237662638524531703,243.811116493599,9.15120930447553,21.36344,19.52587
1237668270842642701,243.670707936379,9.76536000614891,19.37336,17.9043
1237668270842578114,243.649615319703,9.82690182954544,21.29219,19.50939
1237662637987529161,243.469540154462,8.61996054312211,21.49542,19.63091
1237668349759062707,243.544488074358,9.3441630664438,20.55707,19.08891
1237668332038193524,243.495035352229,9.31497496176179,19.22229,17.79439
1237668332574999032,243.489861474493,9.62430250323331,21.56431,19.59874
1237662638524203726,243.197752897726,9.26284869287577,20.36818,18.56737
1237668332038063176,243.262588975603,9.37473667225208,20.97685,18.96399
1237668349758931707,243.297382132927,9.61116535463587,21.51447,19.56871
1237668349758866427,243.246943058137,9.60502248912197,21.75009,19.40341
1237662637987398252,243.205297939642,8.89272837773335,21.00229,19.15818
1237662637987333464,243.073854796155,8.91511826618616,21.4291,19.60948
1237662638524138138,242.974844939241,9.28458125016613,19.53505,18.07532
1237662638524138161,243.025518754571,9.31747709576778,20.81617,19.18324
1237668349758799914,242.953199360263,9.509878089054,19.17246,17.80035
1237668349758800416,242.997848589003,9.5693967595987,19.48808,18.00821
1237668332037865564,242.806118243328,9.50899258291675,18.40403,17.14731
1237668349758735137,242.873051735644,9.51918087600312,20.84421,19.16717
1237668349758538313,242.520114873029,9.73401972382244,19.14032,17.54319
1237662638523941593,242.460690045768,9.31126300194262,21.42082,19.43208
1237668332037603992,242.228189772405,9.64594699746,19.39929,18.02172
1237668271915729432,242.541411743084,10.9897747953361,21.28792,19.36538
1237668310556868922,242.42231468318,10.6816879287301,20.73685,19.48938
1237668270842053178,242.378707883173,10.045296652259,21.55947,19.64993
1237668310557066029,242.876812148224,10.5579289399444,21.82421,19.52807
1237668270842380911,243.118435308212,9.89482740097775,20.37869,18.52678
1237668310557197009,243.137269575454,10.4874074253273,20.04414,18.68475
1237668271379251505,243.253221465851,10.3607588459816,20.02172,18.3811
1237668311631003727,243.583184973934,11.3202530941377,21.20647,19.57439
1237668365315867095,243.538483727967,11.2657286455011,19.37243,18.01544
1237668271379383371,243.584006902348,10.2922657186279,21.41603,19.66497
1237668271916319353,243.8215730713,10.5670415420852,20.57771,18.99456
1237668310557459191,243.743330155207,10.3936186916887,20.32602,19.2537
1237668311631069814,243.744972707823,11.2431845854999,19.74557,18.38163
1237668365316063711,243.971643132372,11.0977155036064,21.97593,19.68381
1237668310557459593,243.850405467302,10.2937566241536,21.12754,19.3217
1237668271379514387,243.828366054934,10.1457106159472,21.15255,19.44195
1237668310557459532,243.823680136133,10.2709183249249,20.32416,18.68984
1237668272453321273,244.124765985676,10.8218725104915,19.15819,18.00561
1237668271916385014,243.962410977247,10.6162469261148,21.14633,19.24166
1237668310557590138,244.029408640869,10.2472840992001,19.87651,18.49456
1237668311094526451,244.399751435637,10.6479191291878,21.07151,19.25561
1237668365316326563,244.556770508874,10.8895681564301,20.81573,19.4258
1237668271916712615,244.667718007864,10.3108959193247,19.58993,18.14909
1237668272453583554,244.832438880894,10.6646467487979,20.28842,18.75606
1237668310557852191,244.752067601007,10.1322229671841,20.43384,18.89167
1237668311094723616,244.847646598846,10.4383381813519,21.48029,19.5962
1237668311094788361,244.884989875953,10.389309356171,19.23231,17.89019
1237668272453714840,245.034200151314,10.5859940019898,21.39029,19.51802
1237668272453714169,245.005661930563,10.5901666150299,18.85052,17.44827
1237662636913722073,243.119173579561,7.97245009871259,20.67807,19.11389
1237662636913722029,243.187440481913,7.96283542070416,20.40118,18.81694
1237662534362792532,243.203183670874,8.10157640374721,20.48809,18.71609
1237668348148384778,243.168982001066,8.21279026318981,20.80191,18.83349
1237668348685190218,243.126228522732,8.61343177097505,21.73179,19.64564
1237662636913590554,242.901686225814,8.01712916228627,19.18055,18.09216
1237662637450461317,242.927477365441,8.37792665039699,20.33179,18.69992
1237668330964255248,242.866352911847,8.54673601982931,19.2812,17.91301
1237662636376719833,242.730989725167,7.55085746025481,20.92874,19.04291
1237662636376785637,242.929712749593,7.50654466189344,21.00249,19.30912
1237662534362661169,242.806576007981,8.12658495337321,21.01995,19.18349
1237662534362595878,242.710548898146,8.15352027640313,20.03037,18.29295
1237668330964255236,242.842048739004,8.54874788751449,19.31415,17.89536
1237662636376654537,242.609359411289,7.60601018379385,20.68674,18.98123
1237661951353094617,242.506997828992,7.91632449164126,20.56941,18.89212
1237661950816158705,242.240837120182,7.51143111769559,20.54186,19.19254
1237662636376589437,242.404165174021,7.71896311806975,20.86777,18.88456
1237662200437408920,242.369303081262,7.85116506964498,21.29838,19.25838
1237662636913328693,242.286031188282,8.09459558452638,19.98707,18.62874
1237662534362464489,242.447876147428,8.21330912699096,21.03204,19.13092
1237662534362465068,242.38174082184,8.30670982354761,21.44966,19.46597
1237662636913329802,242.320881534447,8.13132417218657,21.39608,19.69625
1237668348147991406,242.306239167832,8.40871176293097,21.30499,19.30261
1237662199363601760,242.064475029774,7.07804136273792,20.73472,18.88948
1237661950279287304,242.137553660285,7.09024552292061,21.41567,19.39165
1237662199363600512,242.006776387877,7.08211213862449,19.78674,18.17573
1237662199900406453,241.930343023432,7.52832451127592,19.3125,18.01687
1237662636376392104,241.978161737251,7.70860266811431,18.45316,17.22857
1237662636376393138,242.07501961629,7.81554994568037,21.77257,19.48198
1237662199363470187,241.721699504482,7.03959796988814,21.36033,19.37662
1237661950279090600,241.733737185096,7.21246355199863,20.94673,19.30981
1237662636376261254,241.665502198751,7.76558522049606,20.33817,18.64359
1237662200437277074,242.03603086223,7.94140806997112,19.38754,17.93878
1237662636913263021,242.085061627028,8.08713440119404,20.55606,19.41145
1237662200437276937,241.954393940746,7.95050501774995,20.85366,18.90751
1237662636913263149,242.034794074734,8.17141925069043,19.33981,18.02816
1237662636913197690,241.970851023346,8.16589779257029,20.64779,19.18816
1237662636913132126,241.884280438689,8.28426185489203,19.54542,18.05861
1237662534362268532,241.945905697536,8.37007338671255,21.23956,19.67571
1237661951352832757,241.80740383689,8.03955420515059,21.36609,19.46272
1237662636376261951,241.763923658045,7.90703340365032,21.30808,19.36661
1237662636913132237,241.753823501518,8.25580225207594,21.13663,19.3446
1237661950815896073,241.630121940866,7.65199230394399,20.17053,18.62762
1237661950815896114,241.600042069629,7.74221154268099,21.12278,19.25337
1237662636913067141,241.649129376627,8.22539932367307,21.70181,19.66243
1237662636913066083,241.657009705542,8.27485596313372,21.54792,19.64025
1237662635839260086,241.361282316702,7.37038941755063,22.00196,19.64493
1237662199900144948,241.373351106991,7.61351981762857,21.84794,19.69005
1237662636376195716,241.505454764392,7.81833747396857,21.08758,19.31833
1237662636376195617,241.522419020134,7.85313929234576,20.28646,18.79123
1237662200437080297,241.512129632829,7.99200364388789,20.53844,18.98323
1237662534362071588,241.566420541186,8.54159666542201,19.87016,18.4245
1237661950278828261,241.129343096538,7.36314359891891,18.89753,17.83649
1237662199900078784,241.195232472938,7.65306800568658,20.7164,18.87707
1237662635839128197,241.023288038966,7.60344732396658,21.23896,19.45445
1237662636912935433,241.297275810366,8.33161027154484,19.39923,18.01206
1237662636912869991,241.270316186441,8.31822164229072,20.56891,18.87913
1237662534361940214,241.284471347071,8.5189278735651,20.51965,18.92856
1237662636912804446,241.112039521506,8.4674102703721,20.17821,18.51512
1237662637449675139,241.126573132362,8.88042728074696,20.07807,18.55335
1237662637449675158,241.097255491648,8.72734858129495,19.54908,17.97046
1237668332037211116,241.333345628986,9.86584144503762,21.58822,19.36525
1237662637449806497,241.490418993158,8.67580502578952,20.16849,18.82511
1237662637986611771,241.429168829311,9.09650452419018,21.14195,19.39547
1237662637986677361,241.553295735185,9.23590158937361,20.69501,18.8448
1237668349221339500,241.588470573339,9.42966275482626,17.77756,16.76558
1237662637986677462,241.601136109259,9.05652715655046,21.15576,19.2929
1237668330963665844,241.521636077589,8.85241940645723,21.53102,19.62945
1237662637449872093,241.543003103433,8.6460759859732,21.3481,19.31084
1237662637449871765,241.56857525257,8.63418202448235,20.4213,18.71125
1237662637449937583,241.705357144467,8.74976927347711,19.1854,17.90845
1237668332037407199,241.757534215476,9.79872022666289,20.09,18.50011
1237668332037407889,241.804832385781,9.66015459939245,21.58198,19.53247
1237662637986809212,241.897186933716,9.14054442582137,22.06649,19.65905
1237668332574343653,242.02912914667,9.97162114044186,20.37122,18.63333
1237662638523678899,241.929206334951,9.42259109631078,20.57233,18.2611
1237668349221536210,242.049076715342,9.35534985992474,19.44954,17.94367
1237668332037603968,242.192041290344,9.61670741346678,19.09265,17.83769
1237668330963927493,242.222449657237,8.80161087352828,18.7672,17.38775
1237662637987070136,242.484998665379,9.00063542823388,19.23866,17.8255
1237668349758735114,242.862350753031,9.53090363083553,21.29998,19.33806
1237662638524138159,243.00712517173,9.2379489757161,19.28899,17.99806
1237662200439046791,245.933078538704,7.03214152493046,19.92066,18.40757
1237668348149629390,245.955390411125,7.51249429906937,19.6633,18.16478
1237668348149629103,245.956140599232,7.58903696491324,21.31882,19.29441
1237662200438980667,245.821414747464,7.08091402530556,21.07189,18.96293
1237662636914966670,245.922014326134,7.24436995544339,20.98702,19.14396
1237662637451772690,245.837010873549,7.68140848831466,19.73802,18.186
1237662637451772695,245.85428692613,7.68369210622722,19.83305,18.24125
1237668348686434967,245.843403539579,8.07529349594151,20.18078,18.4865
1237662637988578466,245.814273714125,8.14881931558405,21.2626,19.76253
1237661950817665673,245.732772078486,7.03917737588654,19.00181,17.46317
1237662637451707083,245.66235852302,7.78600217820327,21.61271,19.45578
1237662637451641109,245.64586597096,7.826803110957,21.76196,19.66729
1237668348686238293,245.453589876807,8.03926359454208,19.61532,18.20472
1237662636914835815,245.594209910904,7.44035485614925,18.06277,16.69638
1237668348686173368,245.323973946357,8.06156010116427,21.76381,19.73618
1237668330965370042,245.375753483213,7.98340169636734,21.55325,19.40403
1237668348149432983,245.426292398899,7.5892702751782,18.4968,17.15897
1237668348149367400,245.33352387891,7.61860222163822,20.1677,18.43757
1237662637451445137,245.219558581082,7.90415260308958,19.61004,18.14026
1237668348686107229,245.137257641512,8.10043653677123,20.08014,18.51192
1237662637451445418,245.120014522591,8.0252479947236,21.07251,19.29693
1237668348686042307,245.040646783307,8.11163723177179,21.54333,19.58193
1237662200438718590,245.284681914088,7.27811312397644,22.85478,19.70868
1237662637451117751,244.419505857845,8.16815568377155,21.22461,19.06802
1237662637988053196,244.686748731199,8.43236920903172,19.31391,17.9312
1237668348685845364,244.590426768202,8.36703039383782,21.92102,19.72548
1237668331501912770,244.715303145938,8.58757240113795,19.50862,18.0957
1237662638524924536,244.700849302124,8.91550243548441,19.89225,18.29335
1237668349222781510,244.817221689893,8.61661186948048,20.97051,19.10528
1237662638524989657,244.883820992192,8.85162897564911,21.92693,19.66766
1237662637988184148,244.897949271146,8.41452814443266,20.7627,19.0362
1237668349222847069,244.929380860012,8.63230409809557,19.25488,17.89992
1237662638525055785,245.034615161056,8.70322951181617,19.68317,18.29633
1237662637988184639,244.962207971578,8.39680855569512,18.36136,17.29902
1237668270843298248,245.114737729498,9.21593948942743,19.90072,18.41514
1237668349759718064,245.090757128842,8.93993351783543,19.62619,18.11754
1237662638525251957,245.414488879619,8.65390365469008,19.61773,18.02695
1237662638525186861,245.320520051461,8.77034088261907,20.89584,19.06432
1237662638525252389,245.439224320808,8.62649491597418,21.69815,19.56538
1237668270843429200,245.461682080473,9.10816211695152,17.71447,16.54641
1237668270843364480,245.24262401695,9.21209507790256,21.33364,19.56598
1237668349759848944,245.409633312762,8.92442214119978,20.56371,18.85955
1237662638525318454,245.682382231937,8.58504877230929,21.64943,19.7013
1237668349223174697,245.627184289933,8.4090492075324,20.44583,18.71646
1237662637988512408,245.643171153851,8.18511527001477,21.10013,19.06459
1237668349223175180,245.68290920896,8.38128400298348,21.49764,19.4752
1237668270843560627,245.662006763212,9.02924426304078,19.74274,18.3575
1237668349759980074,245.69224417707,8.85369549482826,21.07989,19.31835
1237668349759979922,245.60044033405,8.8302564299805,20.97915,19.16003
1237668332039307634,245.925432475218,8.49335256362092,20.93414,19.15505
1237662638525448969,245.888432149064,8.52794950309114,20.49926,18.78749
1237668270843560688,245.788061504564,9.10840308582427,20.66122,18.98378
